Datum;BV;;;;;;;;;;
2017-01-01;82.792.351;;;;;;;;;;
2017-01-02;82.792.351;;;;;;;;;;
2017-01-03;82.792.351;;;;;;;;;;
2017-01-04;82.792.351;;;;;;;;;;
2017-01-05;82.792.351;;;;;;;;;;
2017-01-06;82.792.351;;;;;;;;;;
2017-01-07;82.792.351;;;;;;;;;;
2017-01-08;82.792.351;;;;;;;;;;
2017-01-09;82.792.351;;;;;;;;;;
2017-01-10;82.792.351;;;;;;;;;;
2017-01-11;82.792.351;;;;;;;;;;
2017-01-12;82.792.351;;;;;;;;;;
2017-01-13;82.792.351;;;;;;;;;;
2017-01-14;82.792.351;;;;;;;;;;
2017-01-15;82.792.351;;;;;;;;;;
2017-01-16;82.792.351;;;;;;;;;;
2017-01-17;82.792.351;;;;;;;;;;
2017-01-18;82.792.351;;;;;;;;;;
2017-01-19;82.792.351;;;;;;;;;;
2017-01-20;82.792.351;;;;;;;;;;
2017-01-21;82.792.351;;;;;;;;;;
2017-01-22;82.792.351;;;;;;;;;;
2017-01-23;82.792.351;;;;;;;;;;
2017-01-24;82.792.351;;;;;;;;;;
2017-01-25;82.792.351;;;;;;;;;;
2017-01-26;82.792.351;;;;;;;;;;
2017-01-27;82.792.351;;;;;;;;;;
2017-01-28;82.792.351;;;;;;;;;;
2017-01-29;82.792.351;;;;;;;;;;
2017-01-30;82.792.351;;;;;;;;;;
2017-01-31;82.792.351;;;;;;;;;;
2017-02-01;82.792.351;;;;;;;;;;
2017-02-02;82.792.351;;;;;;;;;;
2017-02-03;82.792.351;;;;;;;;;;
2017-02-04;82.792.351;;;;;;;;;;
2017-02-05;82.792.351;;;;;;;;;;
2017-02-06;82.792.351;;;;;;;;;;
2017-02-07;82.792.351;;;;;;;;;;
2017-02-08;82.792.351;;;;;;;;;;
2017-02-09;82.792.351;;;;;;;;;;
2017-02-10;82.792.351;;;;;;;;;;
2017-02-11;82.792.351;;;;;;;;;;
2017-02-12;82.792.351;;;;;;;;;;
2017-02-13;82.792.351;;;;;;;;;;
2017-02-14;82.792.351;;;;;;;;;;
2017-02-15;82.792.351;;;;;;;;;;
2017-02-16;82.792.351;;;;;;;;;;
2017-02-17;82.792.351;;;;;;;;;;
2017-02-18;82.792.351;;;;;;;;;;
2017-02-19;82.792.351;;;;;;;;;;
2017-02-20;82.792.351;;;;;;;;;;
2017-02-21;82.792.351;;;;;;;;;;
2017-02-22;82.792.351;;;;;;;;;;
2017-02-23;82.792.351;;;;;;;;;;
2017-02-24;82.792.351;;;;;;;;;;
2017-02-25;82.792.351;;;;;;;;;;
2017-02-26;82.792.351;;;;;;;;;;
2017-02-27;82.792.351;;;;;;;;;;
2017-02-28;82.792.351;;;;;;;;;;
2017-03-01;82.792.351;;;;;;;;;;
2017-03-02;82.792.351;;;;;;;;;;
2017-03-03;82.792.351;;;;;;;;;;
2017-03-04;82.792.351;;;;;;;;;;
2017-03-05;82.792.351;;;;;;;;;;
2017-03-06;82.792.351;;;;;;;;;;
2017-03-07;82.792.351;;;;;;;;;;
2017-03-08;82.792.351;;;;;;;;;;
2017-03-09;82.792.351;;;;;;;;;;
2017-03-10;82.792.351;;;;;;;;;;
2017-03-11;82.792.351;;;;;;;;;;
2017-03-12;82.792.351;;;;;;;;;;
2017-03-13;82.792.351;;;;;;;;;;
2017-03-14;82.792.351;;;;;;;;;;
2017-03-15;82.792.351;;;;;;;;;;
2017-03-16;82.792.351;;;;;;;;;;
2017-03-17;82.792.351;;;;;;;;;;
2017-03-18;82.792.351;;;;;;;;;;
2017-03-19;82.792.351;;;;;;;;;;
2017-03-20;82.792.351;;;;;;;;;;
2017-03-21;82.792.351;;;;;;;;;;
2017-03-22;82.792.351;;;;;;;;;;
2017-03-23;82.792.351;;;;;;;;;;
2017-03-24;82.792.351;;;;;;;;;;
2017-03-25;82.792.351;;;;;;;;;;
2017-03-26;82.792.351;;;;;;;;;;
2017-03-27;82.792.351;;;;;;;;;;
2017-03-28;82.792.351;;;;;;;;;;
2017-03-29;82.792.351;;;;;;;;;;
2017-03-30;82.792.351;;;;;;;;;;
2017-03-31;82.792.351;;;;;;;;;;
2017-04-01;82.792.351;;;;;;;;;;
2017-04-02;82.792.351;;;;;;;;;;
2017-04-03;82.792.351;;;;;;;;;;
2017-04-04;82.792.351;;;;;;;;;;
2017-04-05;82.792.351;;;;;;;;;;
2017-04-06;82.792.351;;;;;;;;;;
2017-04-07;82.792.351;;;;;;;;;;
2017-04-08;82.792.351;;;;;;;;;;
2017-04-09;82.792.351;;;;;;;;;;
2017-04-10;82.792.351;;;;;;;;;;
2017-04-11;82.792.351;;;;;;;;;;
2017-04-12;82.792.351;;;;;;;;;;
2017-04-13;82.792.351;;;;;;;;;;
2017-04-14;82.792.351;;;;;;;;;;
2017-04-15;82.792.351;;;;;;;;;;
2017-04-16;82.792.351;;;;;;;;;;
2017-04-17;82.792.351;;;;;;;;;;
2017-04-18;82.792.351;;;;;;;;;;
2017-04-19;82.792.351;;;;;;;;;;
2017-04-20;82.792.351;;;;;;;;;;
2017-04-21;82.792.351;;;;;;;;;;
2017-04-22;82.792.351;;;;;;;;;;
2017-04-23;82.792.351;;;;;;;;;;
2017-04-24;82.792.351;;;;;;;;;;
2017-04-25;82.792.351;;;;;;;;;;
2017-04-26;82.792.351;;;;;;;;;;
2017-04-27;82.792.351;;;;;;;;;;
2017-04-28;82.792.351;;;;;;;;;;
2017-04-29;82.792.351;;;;;;;;;;
2017-04-30;82.792.351;;;;;;;;;;
2017-05-01;82.792.351;;;;;;;;;;
2017-05-02;82.792.351;;;;;;;;;;
2017-05-03;82.792.351;;;;;;;;;;
2017-05-04;82.792.351;;;;;;;;;;
2017-05-05;82.792.351;;;;;;;;;;
2017-05-06;82.792.351;;;;;;;;;;
2017-05-07;82.792.351;;;;;;;;;;
2017-05-08;82.792.351;;;;;;;;;;
2017-05-09;82.792.351;;;;;;;;;;
2017-05-10;82.792.351;;;;;;;;;;
2017-05-11;82.792.351;;;;;;;;;;
2017-05-12;82.792.351;;;;;;;;;;
2017-05-13;82.792.351;;;;;;;;;;
2017-05-14;82.792.351;;;;;;;;;;
2017-05-15;82.792.351;;;;;;;;;;
2017-05-16;82.792.351;;;;;;;;;;
2017-05-17;82.792.351;;;;;;;;;;
2017-05-18;82.792.351;;;;;;;;;;
2017-05-19;82.792.351;;;;;;;;;;
2017-05-20;82.792.351;;;;;;;;;;
2017-05-21;82.792.351;;;;;;;;;;
2017-05-22;82.792.351;;;;;;;;;;
2017-05-23;82.792.351;;;;;;;;;;
2017-05-24;82.792.351;;;;;;;;;;
2017-05-25;82.792.351;;;;;;;;;;
2017-05-26;82.792.351;;;;;;;;;;
2017-05-27;82.792.351;;;;;;;;;;
2017-05-28;82.792.351;;;;;;;;;;
2017-05-29;82.792.351;;;;;;;;;;
2017-05-30;82.792.351;;;;;;;;;;
2017-05-31;82.792.351;;;;;;;;;;
2017-06-01;82.792.351;;;;;;;;;;
2017-06-02;82.792.351;;;;;;;;;;
2017-06-03;82.792.351;;;;;;;;;;
2017-06-04;82.792.351;;;;;;;;;;
2017-06-05;82.792.351;;;;;;;;;;
2017-06-06;82.792.351;;;;;;;;;;
2017-06-07;82.792.351;;;;;;;;;;
2017-06-08;82.792.351;;;;;;;;;;
2017-06-09;82.792.351;;;;;;;;;;
2017-06-10;82.792.351;;;;;;;;;;
2017-06-11;82.792.351;;;;;;;;;;
2017-06-12;82.792.351;;;;;;;;;;
2017-06-13;82.792.351;;;;;;;;;;
2017-06-14;82.792.351;;;;;;;;;;
2017-06-15;82.792.351;;;;;;;;;;
2017-06-16;82.792.351;;;;;;;;;;
2017-06-17;82.792.351;;;;;;;;;;
2017-06-18;82.792.351;;;;;;;;;;
2017-06-19;82.792.351;;;;;;;;;;
2017-06-20;82.792.351;;;;;;;;;;
2017-06-21;82.792.351;;;;;;;;;;
2017-06-22;82.792.351;;;;;;;;;;
2017-06-23;82.792.351;;;;;;;;;;
2017-06-24;82.792.351;;;;;;;;;;
2017-06-25;82.792.351;;;;;;;;;;
2017-06-26;82.792.351;;;;;;;;;;
2017-06-27;82.792.351;;;;;;;;;;
2017-06-28;82.792.351;;;;;;;;;;
2017-06-29;82.792.351;;;;;;;;;;
2017-06-30;82.792.351;;;;;;;;;;
2017-07-01;82.792.351;;;;;;;;;;
2017-07-02;82.792.351;;;;;;;;;;
2017-07-03;82.792.351;;;;;;;;;;
2017-07-04;82.792.351;;;;;;;;;;
2017-07-05;82.792.351;;;;;;;;;;
2017-07-06;82.792.351;;;;;;;;;;
2017-07-07;82.792.351;;;;;;;;;;
2017-07-08;82.792.351;;;;;;;;;;
2017-07-09;82.792.351;;;;;;;;;;
2017-07-10;82.792.351;;;;;;;;;;
2017-07-11;82.792.351;;;;;;;;;;
2017-07-12;82.792.351;;;;;;;;;;
2017-07-13;82.792.351;;;;;;;;;;
2017-07-14;82.792.351;;;;;;;;;;
2017-07-15;82.792.351;;;;;;;;;;
2017-07-16;82.792.351;;;;;;;;;;
2017-07-17;82.792.351;;;;;;;;;;
2017-07-18;82.792.351;;;;;;;;;;
2017-07-19;82.792.351;;;;;;;;;;
2017-07-20;82.792.351;;;;;;;;;;
2017-07-21;82.792.351;;;;;;;;;;
2017-07-22;82.792.351;;;;;;;;;;
2017-07-23;82.792.351;;;;;;;;;;
2017-07-24;82.792.351;;;;;;;;;;
2017-07-25;82.792.351;;;;;;;;;;
2017-07-26;82.792.351;;;;;;;;;;
2017-07-27;82.792.351;;;;;;;;;;
2017-07-28;82.792.351;;;;;;;;;;
2017-07-29;82.792.351;;;;;;;;;;
2017-07-30;82.792.351;;;;;;;;;;
2017-07-31;82.792.351;;;;;;;;;;
2017-08-01;82.792.351;;;;;;;;;;
2017-08-02;82.792.351;;;;;;;;;;
2017-08-03;82.792.351;;;;;;;;;;
2017-08-04;82.792.351;;;;;;;;;;
2017-08-05;82.792.351;;;;;;;;;;
2017-08-06;82.792.351;;;;;;;;;;
2017-08-07;82.792.351;;;;;;;;;;
2017-08-08;82.792.351;;;;;;;;;;
2017-08-09;82.792.351;;;;;;;;;;
2017-08-10;82.792.351;;;;;;;;;;
2017-08-11;82.792.351;;;;;;;;;;
2017-08-12;82.792.351;;;;;;;;;;
2017-08-13;82.792.351;;;;;;;;;;
2017-08-14;82.792.351;;;;;;;;;;
2017-08-15;82.792.351;;;;;;;;;;
2017-08-16;82.792.351;;;;;;;;;;
2017-08-17;82.792.351;;;;;;;;;;
2017-08-18;82.792.351;;;;;;;;;;
2017-08-19;82.792.351;;;;;;;;;;
2017-08-20;82.792.351;;;;;;;;;;
2017-08-21;82.792.351;;;;;;;;;;
2017-08-22;82.792.351;;;;;;;;;;
2017-08-23;82.792.351;;;;;;;;;;
2017-08-24;82.792.351;;;;;;;;;;
2017-08-25;82.792.351;;;;;;;;;;
2017-08-26;82.792.351;;;;;;;;;;
2017-08-27;82.792.351;;;;;;;;;;
2017-08-28;82.792.351;;;;;;;;;;
2017-08-29;82.792.351;;;;;;;;;;
2017-08-30;82.792.351;;;;;;;;;;
2017-08-31;82.792.351;;;;;;;;;;
2017-09-01;82.792.351;;;;;;;;;;
2017-09-02;82.792.351;;;;;;;;;;
2017-09-03;82.792.351;;;;;;;;;;
2017-09-04;82.792.351;;;;;;;;;;
2017-09-05;82.792.351;;;;;;;;;;
2017-09-06;82.792.351;;;;;;;;;;
2017-09-07;82.792.351;;;;;;;;;;
2017-09-08;82.792.351;;;;;;;;;;
2017-09-09;82.792.351;;;;;;;;;;
2017-09-10;82.792.351;;;;;;;;;;
2017-09-11;82.792.351;;;;;;;;;;
2017-09-12;82.792.351;;;;;;;;;;
2017-09-13;82.792.351;;;;;;;;;;
2017-09-14;82.792.351;;;;;;;;;;
2017-09-15;82.792.351;;;;;;;;;;
2017-09-16;82.792.351;;;;;;;;;;
2017-09-17;82.792.351;;;;;;;;;;
2017-09-18;82.792.351;;;;;;;;;;
2017-09-19;82.792.351;;;;;;;;;;
2017-09-20;82.792.351;;;;;;;;;;
2017-09-21;82.792.351;;;;;;;;;;
2017-09-22;82.792.351;;;;;;;;;;
2017-09-23;82.792.351;;;;;;;;;;
2017-09-24;82.792.351;;;;;;;;;;
2017-09-25;82.792.351;;;;;;;;;;
2017-09-26;82.792.351;;;;;;;;;;
2017-09-27;82.792.351;;;;;;;;;;
2017-09-28;82.792.351;;;;;;;;;;
2017-09-29;82.792.351;;;;;;;;;;
2017-09-30;82.792.351;;;;;;;;;;
2017-10-01;82.792.351;;;;;;;;;;
2017-10-02;82.792.351;;;;;;;;;;
2017-10-03;82.792.351;;;;;;;;;;
2017-10-04;82.792.351;;;;;;;;;;
2017-10-05;82.792.351;;;;;;;;;;
2017-10-06;82.792.351;;;;;;;;;;
2017-10-07;82.792.351;;;;;;;;;;
2017-10-08;82.792.351;;;;;;;;;;
2017-10-09;82.792.351;;;;;;;;;;
2017-10-10;82.792.351;;;;;;;;;;
2017-10-11;82.792.351;;;;;;;;;;
2017-10-12;82.792.351;;;;;;;;;;
2017-10-13;82.792.351;;;;;;;;;;
2017-10-14;82.792.351;;;;;;;;;;
2017-10-15;82.792.351;;;;;;;;;;
2017-10-16;82.792.351;;;;;;;;;;
2017-10-17;82.792.351;;;;;;;;;;
2017-10-18;82.792.351;;;;;;;;;;
2017-10-19;82.792.351;;;;;;;;;;
2017-10-20;82.792.351;;;;;;;;;;
2017-10-21;82.792.351;;;;;;;;;;
2017-10-22;82.792.351;;;;;;;;;;
2017-10-23;82.792.351;;;;;;;;;;
2017-10-24;82.792.351;;;;;;;;;;
2017-10-25;82.792.351;;;;;;;;;;
2017-10-26;82.792.351;;;;;;;;;;
2017-10-27;82.792.351;;;;;;;;;;
2017-10-28;82.792.351;;;;;;;;;;
2017-10-29;82.792.351;;;;;;;;;;
2017-10-30;82.792.351;;;;;;;;;;
2017-10-31;82.792.351;;;;;;;;;;
2017-11-01;82.792.351;;;;;;;;;;
2017-11-02;82.792.351;;;;;;;;;;
2017-11-03;82.792.351;;;;;;;;;;
2017-11-04;82.792.351;;;;;;;;;;
2017-11-05;82.792.351;;;;;;;;;;
2017-11-06;82.792.351;;;;;;;;;;
2017-11-07;82.792.351;;;;;;;;;;
2017-11-08;82.792.351;;;;;;;;;;
2017-11-09;82.792.351;;;;;;;;;;
2017-11-10;82.792.351;;;;;;;;;;
2017-11-11;82.792.351;;;;;;;;;;
2017-11-12;82.792.351;;;;;;;;;;
2017-11-13;82.792.351;;;;;;;;;;
2017-11-14;82.792.351;;;;;;;;;;
2017-11-15;82.792.351;;;;;;;;;;
2017-11-16;82.792.351;;;;;;;;;;
2017-11-17;82.792.351;;;;;;;;;;
2017-11-18;82.792.351;;;;;;;;;;
2017-11-19;82.792.351;;;;;;;;;;
2017-11-20;82.792.351;;;;;;;;;;
2017-11-21;82.792.351;;;;;;;;;;
2017-11-22;82.792.351;;;;;;;;;;
2017-11-23;82.792.351;;;;;;;;;;
2017-11-24;82.792.351;;;;;;;;;;
2017-11-25;82.792.351;;;;;;;;;;
2017-11-26;82.792.351;;;;;;;;;;
2017-11-27;82.792.351;;;;;;;;;;
2017-11-28;82.792.351;;;;;;;;;;
2017-11-29;82.792.351;;;;;;;;;;
2017-11-30;82.792.351;;;;;;;;;;
2017-12-01;82.792.351;;;;;;;;;;
2017-12-02;82.792.351;;;;;;;;;;
2017-12-03;82.792.351;;;;;;;;;;
2017-12-04;82.792.351;;;;;;;;;;
2017-12-05;82.792.351;;;;;;;;;;
2017-12-06;82.792.351;;;;;;;;;;
2017-12-07;82.792.351;;;;;;;;;;
2017-12-08;82.792.351;;;;;;;;;;
2017-12-09;82.792.351;;;;;;;;;;
2017-12-10;82.792.351;;;;;;;;;;
2017-12-11;82.792.351;;;;;;;;;;
2017-12-12;82.792.351;;;;;;;;;;
2017-12-13;82.792.351;;;;;;;;;;
2017-12-14;82.792.351;;;;;;;;;;
2017-12-15;82.792.351;;;;;;;;;;
2017-12-16;82.792.351;;;;;;;;;;
2017-12-17;82.792.351;;;;;;;;;;
2017-12-18;82.792.351;;;;;;;;;;
2017-12-19;82.792.351;;;;;;;;;;
2017-12-20;82.792.351;;;;;;;;;;
2017-12-21;82.792.351;;;;;;;;;;
2017-12-22;82.792.351;;;;;;;;;;
2017-12-23;82.792.351;;;;;;;;;;
2017-12-24;82.792.351;;;;;;;;;;
2017-12-25;82.792.351;;;;;;;;;;
2017-12-26;82.792.351;;;;;;;;;;
2017-12-27;82.792.351;;;;;;;;;;
2017-12-28;82.792.351;;;;;;;;;;
2017-12-29;82.792.351;;;;;;;;;;
2017-12-30;82.792.351;;;;;;;;;;
2017-12-31;82.792.351;;;;;;;;;;
2018-01-01;83.019.213;;;;;;;;;;
2018-01-02;83.019.213;;;;;;;;;;
2018-01-03;83.019.213;;;;;;;;;;
2018-01-04;83.019.213;;;;;;;;;;
2018-01-05;83.019.213;;;;;;;;;;
2018-01-06;83.019.213;;;;;;;;;;
2018-01-07;83.019.213;;;;;;;;;;
2018-01-08;83.019.213;;;;;;;;;;
2018-01-09;83.019.213;;;;;;;;;;
2018-01-10;83.019.213;;;;;;;;;;
2018-01-11;83.019.213;;;;;;;;;;
2018-01-12;83.019.213;;;;;;;;;;
2018-01-13;83.019.213;;;;;;;;;;
2018-01-14;83.019.213;;;;;;;;;;
2018-01-15;83.019.213;;;;;;;;;;
2018-01-16;83.019.213;;;;;;;;;;
2018-01-17;83.019.213;;;;;;;;;;
2018-01-18;83.019.213;;;;;;;;;;
2018-01-19;83.019.213;;;;;;;;;;
2018-01-20;83.019.213;;;;;;;;;;
2018-01-21;83.019.213;;;;;;;;;;
2018-01-22;83.019.213;;;;;;;;;;
2018-01-23;83.019.213;;;;;;;;;;
2018-01-24;83.019.213;;;;;;;;;;
2018-01-25;83.019.213;;;;;;;;;;
2018-01-26;83.019.213;;;;;;;;;;
2018-01-27;83.019.213;;;;;;;;;;
2018-01-28;83.019.213;;;;;;;;;;
2018-01-29;83.019.213;;;;;;;;;;
2018-01-30;83.019.213;;;;;;;;;;
2018-01-31;83.019.213;;;;;;;;;;
2018-02-01;83.019.213;;;;;;;;;;
2018-02-02;83.019.213;;;;;;;;;;
2018-02-03;83.019.213;;;;;;;;;;
2018-02-04;83.019.213;;;;;;;;;;
2018-02-05;83.019.213;;;;;;;;;;
2018-02-06;83.019.213;;;;;;;;;;
2018-02-07;83.019.213;;;;;;;;;;
2018-02-08;83.019.213;;;;;;;;;;
2018-02-09;83.019.213;;;;;;;;;;
2018-02-10;83.019.213;;;;;;;;;;
2018-02-11;83.019.213;;;;;;;;;;
2018-02-12;83.019.213;;;;;;;;;;
2018-02-13;83.019.213;;;;;;;;;;
2018-02-14;83.019.213;;;;;;;;;;
2018-02-15;83.019.213;;;;;;;;;;
2018-02-16;83.019.213;;;;;;;;;;
2018-02-17;83.019.213;;;;;;;;;;
2018-02-18;83.019.213;;;;;;;;;;
2018-02-19;83.019.213;;;;;;;;;;
2018-02-20;83.019.213;;;;;;;;;;
2018-02-21;83.019.213;;;;;;;;;;
2018-02-22;83.019.213;;;;;;;;;;
2018-02-23;83.019.213;;;;;;;;;;
2018-02-24;83.019.213;;;;;;;;;;
2018-02-25;83.019.213;;;;;;;;;;
2018-02-26;83.019.213;;;;;;;;;;
2018-02-27;83.019.213;;;;;;;;;;
2018-02-28;83.019.213;;;;;;;;;;
2018-03-01;83.019.213;;;;;;;;;;
2018-03-02;83.019.213;;;;;;;;;;
2018-03-03;83.019.213;;;;;;;;;;
2018-03-04;83.019.213;;;;;;;;;;
2018-03-05;83.019.213;;;;;;;;;;
2018-03-06;83.019.213;;;;;;;;;;
2018-03-07;83.019.213;;;;;;;;;;
2018-03-08;83.019.213;;;;;;;;;;
2018-03-09;83.019.213;;;;;;;;;;
2018-03-10;83.019.213;;;;;;;;;;
2018-03-11;83.019.213;;;;;;;;;;
2018-03-12;83.019.213;;;;;;;;;;
2018-03-13;83.019.213;;;;;;;;;;
2018-03-14;83.019.213;;;;;;;;;;
2018-03-15;83.019.213;;;;;;;;;;
2018-03-16;83.019.213;;;;;;;;;;
2018-03-17;83.019.213;;;;;;;;;;
2018-03-18;83.019.213;;;;;;;;;;
2018-03-19;83.019.213;;;;;;;;;;
2018-03-20;83.019.213;;;;;;;;;;
2018-03-21;83.019.213;;;;;;;;;;
2018-03-22;83.019.213;;;;;;;;;;
2018-03-23;83.019.213;;;;;;;;;;
2018-03-24;83.019.213;;;;;;;;;;
2018-03-25;83.019.213;;;;;;;;;;
2018-03-26;83.019.213;;;;;;;;;;
2018-03-27;83.019.213;;;;;;;;;;
2018-03-28;83.019.213;;;;;;;;;;
2018-03-29;83.019.213;;;;;;;;;;
2018-03-30;83.019.213;;;;;;;;;;
2018-03-31;83.019.213;;;;;;;;;;
2018-04-01;83.019.213;;;;;;;;;;
2018-04-02;83.019.213;;;;;;;;;;
2018-04-03;83.019.213;;;;;;;;;;
2018-04-04;83.019.213;;;;;;;;;;
2018-04-05;83.019.213;;;;;;;;;;
2018-04-06;83.019.213;;;;;;;;;;
2018-04-07;83.019.213;;;;;;;;;;
2018-04-08;83.019.213;;;;;;;;;;
2018-04-09;83.019.213;;;;;;;;;;
2018-04-10;83.019.213;;;;;;;;;;
2018-04-11;83.019.213;;;;;;;;;;
2018-04-12;83.019.213;;;;;;;;;;
2018-04-13;83.019.213;;;;;;;;;;
2018-04-14;83.019.213;;;;;;;;;;
2018-04-15;83.019.213;;;;;;;;;;
2018-04-16;83.019.213;;;;;;;;;;
2018-04-17;83.019.213;;;;;;;;;;
2018-04-18;83.019.213;;;;;;;;;;
2018-04-19;83.019.213;;;;;;;;;;
2018-04-20;83.019.213;;;;;;;;;;
2018-04-21;83.019.213;;;;;;;;;;
2018-04-22;83.019.213;;;;;;;;;;
2018-04-23;83.019.213;;;;;;;;;;
2018-04-24;83.019.213;;;;;;;;;;
2018-04-25;83.019.213;;;;;;;;;;
2018-04-26;83.019.213;;;;;;;;;;
2018-04-27;83.019.213;;;;;;;;;;
2018-04-28;83.019.213;;;;;;;;;;
2018-04-29;83.019.213;;;;;;;;;;
2018-04-30;83.019.213;;;;;;;;;;
2018-05-01;83.019.213;;;;;;;;;;
2018-05-02;83.019.213;;;;;;;;;;
2018-05-03;83.019.213;;;;;;;;;;
2018-05-04;83.019.213;;;;;;;;;;
2018-05-05;83.019.213;;;;;;;;;;
2018-05-06;83.019.213;;;;;;;;;;
2018-05-07;83.019.213;;;;;;;;;;
2018-05-08;83.019.213;;;;;;;;;;
2018-05-09;83.019.213;;;;;;;;;;
2018-05-10;83.019.213;;;;;;;;;;
2018-05-11;83.019.213;;;;;;;;;;
2018-05-12;83.019.213;;;;;;;;;;
2018-05-13;83.019.213;;;;;;;;;;
2018-05-14;83.019.213;;;;;;;;;;
2018-05-15;83.019.213;;;;;;;;;;
2018-05-16;83.019.213;;;;;;;;;;
2018-05-17;83.019.213;;;;;;;;;;
2018-05-18;83.019.213;;;;;;;;;;
2018-05-19;83.019.213;;;;;;;;;;
2018-05-20;83.019.213;;;;;;;;;;
2018-05-21;83.019.213;;;;;;;;;;
2018-05-22;83.019.213;;;;;;;;;;
2018-05-23;83.019.213;;;;;;;;;;
2018-05-24;83.019.213;;;;;;;;;;
2018-05-25;83.019.213;;;;;;;;;;
2018-05-26;83.019.213;;;;;;;;;;
2018-05-27;83.019.213;;;;;;;;;;
2018-05-28;83.019.213;;;;;;;;;;
2018-05-29;83.019.213;;;;;;;;;;
2018-05-30;83.019.213;;;;;;;;;;
2018-05-31;83.019.213;;;;;;;;;;
2018-06-01;83.019.213;;;;;;;;;;
2018-06-02;83.019.213;;;;;;;;;;
2018-06-03;83.019.213;;;;;;;;;;
2018-06-04;83.019.213;;;;;;;;;;
2018-06-05;83.019.213;;;;;;;;;;
2018-06-06;83.019.213;;;;;;;;;;
2018-06-07;83.019.213;;;;;;;;;;
2018-06-08;83.019.213;;;;;;;;;;
2018-06-09;83.019.213;;;;;;;;;;
2018-06-10;83.019.213;;;;;;;;;;
2018-06-11;83.019.213;;;;;;;;;;
2018-06-12;83.019.213;;;;;;;;;;
2018-06-13;83.019.213;;;;;;;;;;
2018-06-14;83.019.213;;;;;;;;;;
2018-06-15;83.019.213;;;;;;;;;;
2018-06-16;83.019.213;;;;;;;;;;
2018-06-17;83.019.213;;;;;;;;;;
2018-06-18;83.019.213;;;;;;;;;;
2018-06-19;83.019.213;;;;;;;;;;
2018-06-20;83.019.213;;;;;;;;;;
2018-06-21;83.019.213;;;;;;;;;;
2018-06-22;83.019.213;;;;;;;;;;
2018-06-23;83.019.213;;;;;;;;;;
2018-06-24;83.019.213;;;;;;;;;;
2018-06-25;83.019.213;;;;;;;;;;
2018-06-26;83.019.213;;;;;;;;;;
2018-06-27;83.019.213;;;;;;;;;;
2018-06-28;83.019.213;;;;;;;;;;
2018-06-29;83.019.213;;;;;;;;;;
2018-06-30;83.019.213;;;;;;;;;;
2018-07-01;83.019.213;;;;;;;;;;
2018-07-02;83.019.213;;;;;;;;;;
2018-07-03;83.019.213;;;;;;;;;;
2018-07-04;83.019.213;;;;;;;;;;
2018-07-05;83.019.213;;;;;;;;;;
2018-07-06;83.019.213;;;;;;;;;;
2018-07-07;83.019.213;;;;;;;;;;
2018-07-08;83.019.213;;;;;;;;;;
2018-07-09;83.019.213;;;;;;;;;;
2018-07-10;83.019.213;;;;;;;;;;
2018-07-11;83.019.213;;;;;;;;;;
2018-07-12;83.019.213;;;;;;;;;;
2018-07-13;83.019.213;;;;;;;;;;
2018-07-14;83.019.213;;;;;;;;;;
2018-07-15;83.019.213;;;;;;;;;;
2018-07-16;83.019.213;;;;;;;;;;
2018-07-17;83.019.213;;;;;;;;;;
2018-07-18;83.019.213;;;;;;;;;;
2018-07-19;83.019.213;;;;;;;;;;
2018-07-20;83.019.213;;;;;;;;;;
2018-07-21;83.019.213;;;;;;;;;;
2018-07-22;83.019.213;;;;;;;;;;
2018-07-23;83.019.213;;;;;;;;;;
2018-07-24;83.019.213;;;;;;;;;;
2018-07-25;83.019.213;;;;;;;;;;
2018-07-26;83.019.213;;;;;;;;;;
2018-07-27;83.019.213;;;;;;;;;;
2018-07-28;83.019.213;;;;;;;;;;
2018-07-29;83.019.213;;;;;;;;;;
2018-07-30;83.019.213;;;;;;;;;;
2018-07-31;83.019.213;;;;;;;;;;
2018-08-01;83.019.213;;;;;;;;;;
2018-08-02;83.019.213;;;;;;;;;;
2018-08-03;83.019.213;;;;;;;;;;
2018-08-04;83.019.213;;;;;;;;;;
2018-08-05;83.019.213;;;;;;;;;;
2018-08-06;83.019.213;;;;;;;;;;
2018-08-07;83.019.213;;;;;;;;;;
2018-08-08;83.019.213;;;;;;;;;;
2018-08-09;83.019.213;;;;;;;;;;
2018-08-10;83.019.213;;;;;;;;;;
2018-08-11;83.019.213;;;;;;;;;;
2018-08-12;83.019.213;;;;;;;;;;
2018-08-13;83.019.213;;;;;;;;;;
2018-08-14;83.019.213;;;;;;;;;;
2018-08-15;83.019.213;;;;;;;;;;
2018-08-16;83.019.213;;;;;;;;;;
2018-08-17;83.019.213;;;;;;;;;;
2018-08-18;83.019.213;;;;;;;;;;
2018-08-19;83.019.213;;;;;;;;;;
2018-08-20;83.019.213;;;;;;;;;;
2018-08-21;83.019.213;;;;;;;;;;
2018-08-22;83.019.213;;;;;;;;;;
2018-08-23;83.019.213;;;;;;;;;;
2018-08-24;83.019.213;;;;;;;;;;
2018-08-25;83.019.213;;;;;;;;;;
2018-08-26;83.019.213;;;;;;;;;;
2018-08-27;83.019.213;;;;;;;;;;
2018-08-28;83.019.213;;;;;;;;;;
2018-08-29;83.019.213;;;;;;;;;;
2018-08-30;83.019.213;;;;;;;;;;
2018-08-31;83.019.213;;;;;;;;;;
2018-09-01;83.019.213;;;;;;;;;;
2018-09-02;83.019.213;;;;;;;;;;
2018-09-03;83.019.213;;;;;;;;;;
2018-09-04;83.019.213;;;;;;;;;;
2018-09-05;83.019.213;;;;;;;;;;
2018-09-06;83.019.213;;;;;;;;;;
2018-09-07;83.019.213;;;;;;;;;;
2018-09-08;83.019.213;;;;;;;;;;
2018-09-09;83.019.213;;;;;;;;;;
2018-09-10;83.019.213;;;;;;;;;;
2018-09-11;83.019.213;;;;;;;;;;
2018-09-12;83.019.213;;;;;;;;;;
2018-09-13;83.019.213;;;;;;;;;;
2018-09-14;83.019.213;;;;;;;;;;
2018-09-15;83.019.213;;;;;;;;;;
2018-09-16;83.019.213;;;;;;;;;;
2018-09-17;83.019.213;;;;;;;;;;
2018-09-18;83.019.213;;;;;;;;;;
2018-09-19;83.019.213;;;;;;;;;;
2018-09-20;83.019.213;;;;;;;;;;
2018-09-21;83.019.213;;;;;;;;;;
2018-09-22;83.019.213;;;;;;;;;;
2018-09-23;83.019.213;;;;;;;;;;
2018-09-24;83.019.213;;;;;;;;;;
2018-09-25;83.019.213;;;;;;;;;;
2018-09-26;83.019.213;;;;;;;;;;
2018-09-27;83.019.213;;;;;;;;;;
2018-09-28;83.019.213;;;;;;;;;;
2018-09-29;83.019.213;;;;;;;;;;
2018-09-30;83.019.213;;;;;;;;;;
2018-10-01;83.019.213;;;;;;;;;;
2018-10-02;83.019.213;;;;;;;;;;
2018-10-03;83.019.213;;;;;;;;;;
2018-10-04;83.019.213;;;;;;;;;;
2018-10-05;83.019.213;;;;;;;;;;
2018-10-06;83.019.213;;;;;;;;;;
2018-10-07;83.019.213;;;;;;;;;;
2018-10-08;83.019.213;;;;;;;;;;
2018-10-09;83.019.213;;;;;;;;;;
2018-10-10;83.019.213;;;;;;;;;;
2018-10-11;83.019.213;;;;;;;;;;
2018-10-12;83.019.213;;;;;;;;;;
2018-10-13;83.019.213;;;;;;;;;;
2018-10-14;83.019.213;;;;;;;;;;
2018-10-15;83.019.213;;;;;;;;;;
2018-10-16;83.019.213;;;;;;;;;;
2018-10-17;83.019.213;;;;;;;;;;
2018-10-18;83.019.213;;;;;;;;;;
2018-10-19;83.019.213;;;;;;;;;;
2018-10-20;83.019.213;;;;;;;;;;
2018-10-21;83.019.213;;;;;;;;;;
2018-10-22;83.019.213;;;;;;;;;;
2018-10-23;83.019.213;;;;;;;;;;
2018-10-24;83.019.213;;;;;;;;;;
2018-10-25;83.019.213;;;;;;;;;;
2018-10-26;83.019.213;;;;;;;;;;
2018-10-27;83.019.213;;;;;;;;;;
2018-10-28;83.019.213;;;;;;;;;;
2018-10-29;83.019.213;;;;;;;;;;
2018-10-30;83.019.213;;;;;;;;;;
2018-10-31;83.019.213;;;;;;;;;;
2018-11-01;83.019.213;;;;;;;;;;
2018-11-02;83.019.213;;;;;;;;;;
2018-11-03;83.019.213;;;;;;;;;;
2018-11-04;83.019.213;;;;;;;;;;
2018-11-05;83.019.213;;;;;;;;;;
2018-11-06;83.019.213;;;;;;;;;;
2018-11-07;83.019.213;;;;;;;;;;
2018-11-08;83.019.213;;;;;;;;;;
2018-11-09;83.019.213;;;;;;;;;;
2018-11-10;83.019.213;;;;;;;;;;
2018-11-11;83.019.213;;;;;;;;;;
2018-11-12;83.019.213;;;;;;;;;;
2018-11-13;83.019.213;;;;;;;;;;
2018-11-14;83.019.213;;;;;;;;;;
2018-11-15;83.019.213;;;;;;;;;;
2018-11-16;83.019.213;;;;;;;;;;
2018-11-17;83.019.213;;;;;;;;;;
2018-11-18;83.019.213;;;;;;;;;;
2018-11-19;83.019.213;;;;;;;;;;
2018-11-20;83.019.213;;;;;;;;;;
2018-11-21;83.019.213;;;;;;;;;;
2018-11-22;83.019.213;;;;;;;;;;
2018-11-23;83.019.213;;;;;;;;;;
2018-11-24;83.019.213;;;;;;;;;;
2018-11-25;83.019.213;;;;;;;;;;
2018-11-26;83.019.213;;;;;;;;;;
2018-11-27;83.019.213;;;;;;;;;;
2018-11-28;83.019.213;;;;;;;;;;
2018-11-29;83.019.213;;;;;;;;;;
2018-11-30;83.019.213;;;;;;;;;;
2018-12-01;83.019.213;;;;;;;;;;
2018-12-02;83.019.213;;;;;;;;;;
2018-12-03;83.019.213;;;;;;;;;;
2018-12-04;83.019.213;;;;;;;;;;
2018-12-05;83.019.213;;;;;;;;;;
2018-12-06;83.019.213;;;;;;;;;;
2018-12-07;83.019.213;;;;;;;;;;
2018-12-08;83.019.213;;;;;;;;;;
2018-12-09;83.019.213;;;;;;;;;;
2018-12-10;83.019.213;;;;;;;;;;
2018-12-11;83.019.213;;;;;;;;;;
2018-12-12;83.019.213;;;;;;;;;;
2018-12-13;83.019.213;;;;;;;;;;
2018-12-14;83.019.213;;;;;;;;;;
2018-12-15;83.019.213;;;;;;;;;;
2018-12-16;83.019.213;;;;;;;;;;
2018-12-17;83.019.213;;;;;;;;;;
2018-12-18;83.019.213;;;;;;;;;;
2018-12-19;83.019.213;;;;;;;;;;
2018-12-20;83.019.213;;;;;;;;;;
2018-12-21;83.019.213;;;;;;;;;;
2018-12-22;83.019.213;;;;;;;;;;
2018-12-23;83.019.213;;;;;;;;;;
2018-12-24;83.019.213;;;;;;;;;;
2018-12-25;83.019.213;;;;;;;;;;
2018-12-26;83.019.213;;;;;;;;;;
2018-12-27;83.019.213;;;;;;;;;;
2018-12-28;83.019.213;;;;;;;;;;
2018-12-29;83.019.213;;;;;;;;;;
2018-12-30;83.019.213;;;;;;;;;;
2018-12-31;83.019.213;;;;;;;;;;
2019-01-01;83.166.711;;;;;;;;;;
2019-01-02;83.166.711;;;;;;;;;;
2019-01-03;83.166.711;;;;;;;;;;
2019-01-04;83.166.711;;;;;;;;;;
2019-01-05;83.166.711;;;;;;;;;;
2019-01-06;83.166.711;;;;;;;;;;
2019-01-07;83.166.711;;;;;;;;;;
2019-01-08;83.166.711;;;;;;;;;;
2019-01-09;83.166.711;;;;;;;;;;
2019-01-10;83.166.711;;;;;;;;;;
2019-01-11;83.166.711;;;;;;;;;;
2019-01-12;83.166.711;;;;;;;;;;
2019-01-13;83.166.711;;;;;;;;;;
2019-01-14;83.166.711;;;;;;;;;;
2019-01-15;83.166.711;;;;;;;;;;
2019-01-16;83.166.711;;;;;;;;;;
2019-01-17;83.166.711;;;;;;;;;;
2019-01-18;83.166.711;;;;;;;;;;
2019-01-19;83.166.711;;;;;;;;;;
2019-01-20;83.166.711;;;;;;;;;;
2019-01-21;83.166.711;;;;;;;;;;
2019-01-22;83.166.711;;;;;;;;;;
2019-01-23;83.166.711;;;;;;;;;;
2019-01-24;83.166.711;;;;;;;;;;
2019-01-25;83.166.711;;;;;;;;;;
2019-01-26;83.166.711;;;;;;;;;;
2019-01-27;83.166.711;;;;;;;;;;
2019-01-28;83.166.711;;;;;;;;;;
2019-01-29;83.166.711;;;;;;;;;;
2019-01-30;83.166.711;;;;;;;;;;
2019-01-31;83.166.711;;;;;;;;;;
2019-02-01;83.166.711;;;;;;;;;;
2019-02-02;83.166.711;;;;;;;;;;
2019-02-03;83.166.711;;;;;;;;;;
2019-02-04;83.166.711;;;;;;;;;;
2019-02-05;83.166.711;;;;;;;;;;
2019-02-06;83.166.711;;;;;;;;;;
2019-02-07;83.166.711;;;;;;;;;;
2019-02-08;83.166.711;;;;;;;;;;
2019-02-09;83.166.711;;;;;;;;;;
2019-02-10;83.166.711;;;;;;;;;;
2019-02-11;83.166.711;;;;;;;;;;
2019-02-12;83.166.711;;;;;;;;;;
2019-02-13;83.166.711;;;;;;;;;;
2019-02-14;83.166.711;;;;;;;;;;
2019-02-15;83.166.711;;;;;;;;;;
2019-02-16;83.166.711;;;;;;;;;;
2019-02-17;83.166.711;;;;;;;;;;
2019-02-18;83.166.711;;;;;;;;;;
2019-02-19;83.166.711;;;;;;;;;;
2019-02-20;83.166.711;;;;;;;;;;
2019-02-21;83.166.711;;;;;;;;;;
2019-02-22;83.166.711;;;;;;;;;;
2019-02-23;83.166.711;;;;;;;;;;
2019-02-24;83.166.711;;;;;;;;;;
2019-02-25;83.166.711;;;;;;;;;;
2019-02-26;83.166.711;;;;;;;;;;
2019-02-27;83.166.711;;;;;;;;;;
2019-02-28;83.166.711;;;;;;;;;;
2019-03-01;83.166.711;;;;;;;;;;
2019-03-02;83.166.711;;;;;;;;;;
2019-03-03;83.166.711;;;;;;;;;;
2019-03-04;83.166.711;;;;;;;;;;
2019-03-05;83.166.711;;;;;;;;;;
2019-03-06;83.166.711;;;;;;;;;;
2019-03-07;83.166.711;;;;;;;;;;
2019-03-08;83.166.711;;;;;;;;;;
2019-03-09;83.166.711;;;;;;;;;;
2019-03-10;83.166.711;;;;;;;;;;
2019-03-11;83.166.711;;;;;;;;;;
2019-03-12;83.166.711;;;;;;;;;;
2019-03-13;83.166.711;;;;;;;;;;
2019-03-14;83.166.711;;;;;;;;;;
2019-03-15;83.166.711;;;;;;;;;;
2019-03-16;83.166.711;;;;;;;;;;
2019-03-17;83.166.711;;;;;;;;;;
2019-03-18;83.166.711;;;;;;;;;;
2019-03-19;83.166.711;;;;;;;;;;
2019-03-20;83.166.711;;;;;;;;;;
2019-03-21;83.166.711;;;;;;;;;;
2019-03-22;83.166.711;;;;;;;;;;
2019-03-23;83.166.711;;;;;;;;;;
2019-03-24;83.166.711;;;;;;;;;;
2019-03-25;83.166.711;;;;;;;;;;
2019-03-26;83.166.711;;;;;;;;;;
2019-03-27;83.166.711;;;;;;;;;;
2019-03-28;83.166.711;;;;;;;;;;
2019-03-29;83.166.711;;;;;;;;;;
2019-03-30;83.166.711;;;;;;;;;;
2019-03-31;83.166.711;;;;;;;;;;
2019-04-01;83.166.711;;;;;;;;;;
2019-04-02;83.166.711;;;;;;;;;;
2019-04-03;83.166.711;;;;;;;;;;
2019-04-04;83.166.711;;;;;;;;;;
2019-04-05;83.166.711;;;;;;;;;;
2019-04-06;83.166.711;;;;;;;;;;
2019-04-07;83.166.711;;;;;;;;;;
2019-04-08;83.166.711;;;;;;;;;;
2019-04-09;83.166.711;;;;;;;;;;
2019-04-10;83.166.711;;;;;;;;;;
2019-04-11;83.166.711;;;;;;;;;;
2019-04-12;83.166.711;;;;;;;;;;
2019-04-13;83.166.711;;;;;;;;;;
2019-04-14;83.166.711;;;;;;;;;;
2019-04-15;83.166.711;;;;;;;;;;
2019-04-16;83.166.711;;;;;;;;;;
2019-04-17;83.166.711;;;;;;;;;;
2019-04-18;83.166.711;;;;;;;;;;
2019-04-19;83.166.711;;;;;;;;;;
2019-04-20;83.166.711;;;;;;;;;;
2019-04-21;83.166.711;;;;;;;;;;
2019-04-22;83.166.711;;;;;;;;;;
2019-04-23;83.166.711;;;;;;;;;;
2019-04-24;83.166.711;;;;;;;;;;
2019-04-25;83.166.711;;;;;;;;;;
2019-04-26;83.166.711;;;;;;;;;;
2019-04-27;83.166.711;;;;;;;;;;
2019-04-28;83.166.711;;;;;;;;;;
2019-04-29;83.166.711;;;;;;;;;;
2019-04-30;83.166.711;;;;;;;;;;
2019-05-01;83.166.711;;;;;;;;;;
2019-05-02;83.166.711;;;;;;;;;;
2019-05-03;83.166.711;;;;;;;;;;
2019-05-04;83.166.711;;;;;;;;;;
2019-05-05;83.166.711;;;;;;;;;;
2019-05-06;83.166.711;;;;;;;;;;
2019-05-07;83.166.711;;;;;;;;;;
2019-05-08;83.166.711;;;;;;;;;;
2019-05-09;83.166.711;;;;;;;;;;
2019-05-10;83.166.711;;;;;;;;;;
2019-05-11;83.166.711;;;;;;;;;;
2019-05-12;83.166.711;;;;;;;;;;
2019-05-13;83.166.711;;;;;;;;;;
2019-05-14;83.166.711;;;;;;;;;;
2019-05-15;83.166.711;;;;;;;;;;
2019-05-16;83.166.711;;;;;;;;;;
2019-05-17;83.166.711;;;;;;;;;;
2019-05-18;83.166.711;;;;;;;;;;
2019-05-19;83.166.711;;;;;;;;;;
2019-05-20;83.166.711;;;;;;;;;;
2019-05-21;83.166.711;;;;;;;;;;
2019-05-22;83.166.711;;;;;;;;;;
2019-05-23;83.166.711;;;;;;;;;;
2019-05-24;83.166.711;;;;;;;;;;
2019-05-25;83.166.711;;;;;;;;;;
2019-05-26;83.166.711;;;;;;;;;;
2019-05-27;83.166.711;;;;;;;;;;
2019-05-28;83.166.711;;;;;;;;;;
2019-05-29;83.166.711;;;;;;;;;;
2019-05-30;83.166.711;;;;;;;;;;
2019-05-31;83.166.711;;;;;;;;;;
2019-06-01;83.166.711;;;;;;;;;;
2019-06-02;83.166.711;;;;;;;;;;
2019-06-03;83.166.711;;;;;;;;;;
2019-06-04;83.166.711;;;;;;;;;;
2019-06-05;83.166.711;;;;;;;;;;
2019-06-06;83.166.711;;;;;;;;;;
2019-06-07;83.166.711;;;;;;;;;;
2019-06-08;83.166.711;;;;;;;;;;
2019-06-09;83.166.711;;;;;;;;;;
2019-06-10;83.166.711;;;;;;;;;;
2019-06-11;83.166.711;;;;;;;;;;
2019-06-12;83.166.711;;;;;;;;;;
2019-06-13;83.166.711;;;;;;;;;;
2019-06-14;83.166.711;;;;;;;;;;
2019-06-15;83.166.711;;;;;;;;;;
2019-06-16;83.166.711;;;;;;;;;;
2019-06-17;83.166.711;;;;;;;;;;
2019-06-18;83.166.711;;;;;;;;;;
2019-06-19;83.166.711;;;;;;;;;;
2019-06-20;83.166.711;;;;;;;;;;
2019-06-21;83.166.711;;;;;;;;;;
2019-06-22;83.166.711;;;;;;;;;;
2019-06-23;83.166.711;;;;;;;;;;
2019-06-24;83.166.711;;;;;;;;;;
2019-06-25;83.166.711;;;;;;;;;;
2019-06-26;83.166.711;;;;;;;;;;
2019-06-27;83.166.711;;;;;;;;;;
2019-06-28;83.166.711;;;;;;;;;;
2019-06-29;83.166.711;;;;;;;;;;
2019-06-30;83.166.711;;;;;;;;;;
2019-07-01;83.166.711;;;;;;;;;;
2019-07-02;83.166.711;;;;;;;;;;
2019-07-03;83.166.711;;;;;;;;;;
2019-07-04;83.166.711;;;;;;;;;;
2019-07-05;83.166.711;;;;;;;;;;
2019-07-06;83.166.711;;;;;;;;;;
2019-07-07;83.166.711;;;;;;;;;;
2019-07-08;83.166.711;;;;;;;;;;
2019-07-09;83.166.711;;;;;;;;;;
2019-07-10;83.166.711;;;;;;;;;;
2019-07-11;83.166.711;;;;;;;;;;
2019-07-12;83.166.711;;;;;;;;;;
2019-07-13;83.166.711;;;;;;;;;;
2019-07-14;83.166.711;;;;;;;;;;
2019-07-15;83.166.711;;;;;;;;;;
2019-07-16;83.166.711;;;;;;;;;;
2019-07-17;83.166.711;;;;;;;;;;
2019-07-18;83.166.711;;;;;;;;;;
2019-07-19;83.166.711;;;;;;;;;;
2019-07-20;83.166.711;;;;;;;;;;
2019-07-21;83.166.711;;;;;;;;;;
2019-07-22;83.166.711;;;;;;;;;;
2019-07-23;83.166.711;;;;;;;;;;
2019-07-24;83.166.711;;;;;;;;;;
2019-07-25;83.166.711;;;;;;;;;;
2019-07-26;83.166.711;;;;;;;;;;
2019-07-27;83.166.711;;;;;;;;;;
2019-07-28;83.166.711;;;;;;;;;;
2019-07-29;83.166.711;;;;;;;;;;
2019-07-30;83.166.711;;;;;;;;;;
2019-07-31;83.166.711;;;;;;;;;;
2019-08-01;83.166.711;;;;;;;;;;
2019-08-02;83.166.711;;;;;;;;;;
2019-08-03;83.166.711;;;;;;;;;;
2019-08-04;83.166.711;;;;;;;;;;
2019-08-05;83.166.711;;;;;;;;;;
2019-08-06;83.166.711;;;;;;;;;;
2019-08-07;83.166.711;;;;;;;;;;
2019-08-08;83.166.711;;;;;;;;;;
2019-08-09;83.166.711;;;;;;;;;;
2019-08-10;83.166.711;;;;;;;;;;
2019-08-11;83.166.711;;;;;;;;;;
2019-08-12;83.166.711;;;;;;;;;;
2019-08-13;83.166.711;;;;;;;;;;
2019-08-14;83.166.711;;;;;;;;;;
2019-08-15;83.166.711;;;;;;;;;;
2019-08-16;83.166.711;;;;;;;;;;
2019-08-17;83.166.711;;;;;;;;;;
2019-08-18;83.166.711;;;;;;;;;;
2019-08-19;83.166.711;;;;;;;;;;
2019-08-20;83.166.711;;;;;;;;;;
2019-08-21;83.166.711;;;;;;;;;;
2019-08-22;83.166.711;;;;;;;;;;
2019-08-23;83.166.711;;;;;;;;;;
2019-08-24;83.166.711;;;;;;;;;;
2019-08-25;83.166.711;;;;;;;;;;
2019-08-26;83.166.711;;;;;;;;;;
2019-08-27;83.166.711;;;;;;;;;;
2019-08-28;83.166.711;;;;;;;;;;
2019-08-29;83.166.711;;;;;;;;;;
2019-08-30;83.166.711;;;;;;;;;;
2019-08-31;83.166.711;;;;;;;;;;
2019-09-01;83.166.711;;;;;;;;;;
2019-09-02;83.166.711;;;;;;;;;;
2019-09-03;83.166.711;;;;;;;;;;
2019-09-04;83.166.711;;;;;;;;;;
2019-09-05;83.166.711;;;;;;;;;;
2019-09-06;83.166.711;;;;;;;;;;
2019-09-07;83.166.711;;;;;;;;;;
2019-09-08;83.166.711;;;;;;;;;;
2019-09-09;83.166.711;;;;;;;;;;
2019-09-10;83.166.711;;;;;;;;;;
2019-09-11;83.166.711;;;;;;;;;;
2019-09-12;83.166.711;;;;;;;;;;
2019-09-13;83.166.711;;;;;;;;;;
2019-09-14;83.166.711;;;;;;;;;;
2019-09-15;83.166.711;;;;;;;;;;
2019-09-16;83.166.711;;;;;;;;;;
2019-09-17;83.166.711;;;;;;;;;;
2019-09-18;83.166.711;;;;;;;;;;
2019-09-19;83.166.711;;;;;;;;;;
2019-09-20;83.166.711;;;;;;;;;;
2019-09-21;83.166.711;;;;;;;;;;
2019-09-22;83.166.711;;;;;;;;;;
2019-09-23;83.166.711;;;;;;;;;;
2019-09-24;83.166.711;;;;;;;;;;
2019-09-25;83.166.711;;;;;;;;;;
2019-09-26;83.166.711;;;;;;;;;;
2019-09-27;83.166.711;;;;;;;;;;
2019-09-28;83.166.711;;;;;;;;;;
2019-09-29;83.166.711;;;;;;;;;;
2019-09-30;83.166.711;;;;;;;;;;
2019-10-01;83.166.711;;;;;;;;;;
2019-10-02;83.166.711;;;;;;;;;;
2019-10-03;83.166.711;;;;;;;;;;
2019-10-04;83.166.711;;;;;;;;;;
2019-10-05;83.166.711;;;;;;;;;;
2019-10-06;83.166.711;;;;;;;;;;
2019-10-07;83.166.711;;;;;;;;;;
2019-10-08;83.166.711;;;;;;;;;;
2019-10-09;83.166.711;;;;;;;;;;
2019-10-10;83.166.711;;;;;;;;;;
2019-10-11;83.166.711;;;;;;;;;;
2019-10-12;83.166.711;;;;;;;;;;
2019-10-13;83.166.711;;;;;;;;;;
2019-10-14;83.166.711;;;;;;;;;;
2019-10-15;83.166.711;;;;;;;;;;
2019-10-16;83.166.711;;;;;;;;;;
2019-10-17;83.166.711;;;;;;;;;;
2019-10-18;83.166.711;;;;;;;;;;
2019-10-19;83.166.711;;;;;;;;;;
2019-10-20;83.166.711;;;;;;;;;;
2019-10-21;83.166.711;;;;;;;;;;
2019-10-22;83.166.711;;;;;;;;;;
2019-10-23;83.166.711;;;;;;;;;;
2019-10-24;83.166.711;;;;;;;;;;
2019-10-25;83.166.711;;;;;;;;;;
2019-10-26;83.166.711;;;;;;;;;;
2019-10-27;83.166.711;;;;;;;;;;
2019-10-28;83.166.711;;;;;;;;;;
2019-10-29;83.166.711;;;;;;;;;;
2019-10-30;83.166.711;;;;;;;;;;
2019-10-31;83.166.711;;;;;;;;;;
2019-11-01;83.166.711;;;;;;;;;;
2019-11-02;83.166.711;;;;;;;;;;
2019-11-03;83.166.711;;;;;;;;;;
2019-11-04;83.166.711;;;;;;;;;;
2019-11-05;83.166.711;;;;;;;;;;
2019-11-06;83.166.711;;;;;;;;;;
2019-11-07;83.166.711;;;;;;;;;;
2019-11-08;83.166.711;;;;;;;;;;
2019-11-09;83.166.711;;;;;;;;;;
2019-11-10;83.166.711;;;;;;;;;;
2019-11-11;83.166.711;;;;;;;;;;
2019-11-12;83.166.711;;;;;;;;;;
2019-11-13;83.166.711;;;;;;;;;;
2019-11-14;83.166.711;;;;;;;;;;
2019-11-15;83.166.711;;;;;;;;;;
2019-11-16;83.166.711;;;;;;;;;;
2019-11-17;83.166.711;;;;;;;;;;
2019-11-18;83.166.711;;;;;;;;;;
2019-11-19;83.166.711;;;;;;;;;;
2019-11-20;83.166.711;;;;;;;;;;
2019-11-21;83.166.711;;;;;;;;;;
2019-11-22;83.166.711;;;;;;;;;;
2019-11-23;83.166.711;;;;;;;;;;
2019-11-24;83.166.711;;;;;;;;;;
2019-11-25;83.166.711;;;;;;;;;;
2019-11-26;83.166.711;;;;;;;;;;
2019-11-27;83.166.711;;;;;;;;;;
2019-11-28;83.166.711;;;;;;;;;;
2019-11-29;83.166.711;;;;;;;;;;
2019-11-30;83.166.711;;;;;;;;;;
2019-12-01;83.166.711;;;;;;;;;;
2019-12-02;83.166.711;;;;;;;;;;
2019-12-03;83.166.711;;;;;;;;;;
2019-12-04;83.166.711;;;;;;;;;;
2019-12-05;83.166.711;;;;;;;;;;
2019-12-06;83.166.711;;;;;;;;;;
2019-12-07;83.166.711;;;;;;;;;;
2019-12-08;83.166.711;;;;;;;;;;
2019-12-09;83.166.711;;;;;;;;;;
2019-12-10;83.166.711;;;;;;;;;;
2019-12-11;83.166.711;;;;;;;;;;
2019-12-12;83.166.711;;;;;;;;;;
2019-12-13;83.166.711;;;;;;;;;;
2019-12-14;83.166.711;;;;;;;;;;
2019-12-15;83.166.711;;;;;;;;;;
2019-12-16;83.166.711;;;;;;;;;;
2019-12-17;83.166.711;;;;;;;;;;
2019-12-18;83.166.711;;;;;;;;;;
2019-12-19;83.166.711;;;;;;;;;;
2019-12-20;83.166.711;;;;;;;;;;
2019-12-21;83.166.711;;;;;;;;;;
2019-12-22;83.166.711;;;;;;;;;;
2019-12-23;83.166.711;;;;;;;;;;
2019-12-24;83.166.711;;;;;;;;;;
2019-12-25;83.166.711;;;;;;;;;;
2019-12-26;83.166.711;;;;;;;;;;
2019-12-27;83.166.711;;;;;;;;;;
2019-12-28;83.166.711;;;;;;;;;;
2019-12-29;83.166.711;;;;;;;;;;
2019-12-30;83.166.711;;;;;;;;;;
2019-12-31;83.166.711;;;;;;;;;;
2020-01-01;83.155.031;;;;;;;;;;
2020-01-02;83.155.031;;;;;;;;;;
2020-01-03;83.155.031;;;;;;;;;;
2020-01-04;83.155.031;;;;;;;;;;
2020-01-05;83.155.031;;;;;;;;;;
2020-01-06;83.155.031;;;;;;;;;;
2020-01-07;83.155.031;;;;;;;;;;
2020-01-08;83.155.031;;;;;;;;;;
2020-01-09;83.155.031;;;;;;;;;;
2020-01-10;83.155.031;;;;;;;;;;
2020-01-11;83.155.031;;;;;;;;;;
2020-01-12;83.155.031;;;;;;;;;;
2020-01-13;83.155.031;;;;;;;;;;
2020-01-14;83.155.031;;;;;;;;;;
2020-01-15;83.155.031;;;;;;;;;;
2020-01-16;83.155.031;;;;;;;;;;
2020-01-17;83.155.031;;;;;;;;;;
2020-01-18;83.155.031;;;;;;;;;;
2020-01-19;83.155.031;;;;;;;;;;
2020-01-20;83.155.031;;;;;;;;;;
2020-01-21;83.155.031;;;;;;;;;;
2020-01-22;83.155.031;;;;;;;;;;
2020-01-23;83.155.031;;;;;;;;;;
2020-01-24;83.155.031;;;;;;;;;;
2020-01-25;83.155.031;;;;;;;;;;
2020-01-26;83.155.031;;;;;;;;;;
2020-01-27;83.155.031;;;;;;;;;;
2020-01-28;83.155.031;;;;;;;;;;
2020-01-29;83.155.031;;;;;;;;;;
2020-01-30;83.155.031;;;;;;;;;;
2020-01-31;83.155.031;;;;;;;;;;
2020-02-01;83.155.031;;;;;;;;;;
2020-02-02;83.155.031;;;;;;;;;;
2020-02-03;83.155.031;;;;;;;;;;
2020-02-04;83.155.031;;;;;;;;;;
2020-02-05;83.155.031;;;;;;;;;;
2020-02-06;83.155.031;;;;;;;;;;
2020-02-07;83.155.031;;;;;;;;;;
2020-02-08;83.155.031;;;;;;;;;;
2020-02-09;83.155.031;;;;;;;;;;
2020-02-10;83.155.031;;;;;;;;;;
2020-02-11;83.155.031;;;;;;;;;;
2020-02-12;83.155.031;;;;;;;;;;
2020-02-13;83.155.031;;;;;;;;;;
2020-02-14;83.155.031;;;;;;;;;;
2020-02-15;83.155.031;;;;;;;;;;
2020-02-16;83.155.031;;;;;;;;;;
2020-02-17;83.155.031;;;;;;;;;;
2020-02-18;83.155.031;;;;;;;;;;
2020-02-19;83.155.031;;;;;;;;;;
2020-02-20;83.155.031;;;;;;;;;;
2020-02-21;83.155.031;;;;;;;;;;
2020-02-22;83.155.031;;;;;;;;;;
2020-02-23;83.155.031;;;;;;;;;;
2020-02-24;83.155.031;;;;;;;;;;
2020-02-25;83.155.031;;;;;;;;;;
2020-02-26;83.155.031;;;;;;;;;;
2020-02-27;83.155.031;;;;;;;;;;
2020-02-28;83.155.031;;;;;;;;;;
2020-02-29;83.155.031;;;;;;;;;;
2020-03-01;83.155.031;;;;;;;;;;
2020-03-02;83.155.031;;;;;;;;;;
2020-03-03;83.155.031;;;;;;;;;;
2020-03-04;83.155.031;;;;;;;;;;
2020-03-05;83.155.031;;;;;;;;;;
2020-03-06;83.155.031;;;;;;;;;;
2020-03-07;83.155.031;;;;;;;;;;
2020-03-08;83.155.031;;;;;;;;;;
2020-03-09;83.155.031;;;;;;;;;;
2020-03-10;83.155.031;;;;;;;;;;
2020-03-11;83.155.031;;;;;;;;;;
2020-03-12;83.155.031;;;;;;;;;;
2020-03-13;83.155.031;;;;;;;;;;
2020-03-14;83.155.031;;;;;;;;;;
2020-03-15;83.155.031;;;;;;;;;;
2020-03-16;83.155.031;;;;;;;;;;
2020-03-17;83.155.031;;;;;;;;;;
2020-03-18;83.155.031;;;;;;;;;;
2020-03-19;83.155.031;;;;;;;;;;
2020-03-20;83.155.031;;;;;;;;;;
2020-03-21;83.155.031;;;;;;;;;;
2020-03-22;83.155.031;;;;;;;;;;
2020-03-23;83.155.031;;;;;;;;;;
2020-03-24;83.155.031;;;;;;;;;;
2020-03-25;83.155.031;;;;;;;;;;
2020-03-26;83.155.031;;;;;;;;;;
2020-03-27;83.155.031;;;;;;;;;;
2020-03-28;83.155.031;;;;;;;;;;
2020-03-29;83.155.031;;;;;;;;;;
2020-03-30;83.155.031;;;;;;;;;;
2020-03-31;83.155.031;;;;;;;;;;
2020-04-01;83.155.031;;;;;;;;;;
2020-04-02;83.155.031;;;;;;;;;;
2020-04-03;83.155.031;;;;;;;;;;
2020-04-04;83.155.031;;;;;;;;;;
2020-04-05;83.155.031;;;;;;;;;;
2020-04-06;83.155.031;;;;;;;;;;
2020-04-07;83.155.031;;;;;;;;;;
2020-04-08;83.155.031;;;;;;;;;;
2020-04-09;83.155.031;;;;;;;;;;
2020-04-10;83.155.031;;;;;;;;;;
2020-04-11;83.155.031;;;;;;;;;;
2020-04-12;83.155.031;;;;;;;;;;
2020-04-13;83.155.031;;;;;;;;;;
2020-04-14;83.155.031;;;;;;;;;;
2020-04-15;83.155.031;;;;;;;;;;
2020-04-16;83.155.031;;;;;;;;;;
2020-04-17;83.155.031;;;;;;;;;;
2020-04-18;83.155.031;;;;;;;;;;
2020-04-19;83.155.031;;;;;;;;;;
2020-04-20;83.155.031;;;;;;;;;;
2020-04-21;83.155.031;;;;;;;;;;
2020-04-22;83.155.031;;;;;;;;;;
2020-04-23;83.155.031;;;;;;;;;;
2020-04-24;83.155.031;;;;;;;;;;
2020-04-25;83.155.031;;;;;;;;;;
2020-04-26;83.155.031;;;;;;;;;;
2020-04-27;83.155.031;;;;;;;;;;
2020-04-28;83.155.031;;;;;;;;;;
2020-04-29;83.155.031;;;;;;;;;;
2020-04-30;83.155.031;;;;;;;;;;
2020-05-01;83.155.031;;;;;;;;;;
2020-05-02;83.155.031;;;;;;;;;;
2020-05-03;83.155.031;;;;;;;;;;
2020-05-04;83.155.031;;;;;;;;;;
2020-05-05;83.155.031;;;;;;;;;;
2020-05-06;83.155.031;;;;;;;;;;
2020-05-07;83.155.031;;;;;;;;;;
2020-05-08;83.155.031;;;;;;;;;;
2020-05-09;83.155.031;;;;;;;;;;
2020-05-10;83.155.031;;;;;;;;;;
2020-05-11;83.155.031;;;;;;;;;;
2020-05-12;83.155.031;;;;;;;;;;
2020-05-13;83.155.031;;;;;;;;;;
2020-05-14;83.155.031;;;;;;;;;;
2020-05-15;83.155.031;;;;;;;;;;
2020-05-16;83.155.031;;;;;;;;;;
2020-05-17;83.155.031;;;;;;;;;;
2020-05-18;83.155.031;;;;;;;;;;
2020-05-19;83.155.031;;;;;;;;;;
2020-05-20;83.155.031;;;;;;;;;;
2020-05-21;83.155.031;;;;;;;;;;
2020-05-22;83.155.031;;;;;;;;;;
2020-05-23;83.155.031;;;;;;;;;;
2020-05-24;83.155.031;;;;;;;;;;
2020-05-25;83.155.031;;;;;;;;;;
2020-05-26;83.155.031;;;;;;;;;;
2020-05-27;83.155.031;;;;;;;;;;
2020-05-28;83.155.031;;;;;;;;;;
2020-05-29;83.155.031;;;;;;;;;;
2020-05-30;83.155.031;;;;;;;;;;
2020-05-31;83.155.031;;;;;;;;;;
2020-06-01;83.155.031;;;;;;;;;;
2020-06-02;83.155.031;;;;;;;;;;
2020-06-03;83.155.031;;;;;;;;;;
2020-06-04;83.155.031;;;;;;;;;;
2020-06-05;83.155.031;;;;;;;;;;
2020-06-06;83.155.031;;;;;;;;;;
2020-06-07;83.155.031;;;;;;;;;;
2020-06-08;83.155.031;;;;;;;;;;
2020-06-09;83.155.031;;;;;;;;;;
2020-06-10;83.155.031;;;;;;;;;;
2020-06-11;83.155.031;;;;;;;;;;
2020-06-12;83.155.031;;;;;;;;;;
2020-06-13;83.155.031;;;;;;;;;;
2020-06-14;83.155.031;;;;;;;;;;
2020-06-15;83.155.031;;;;;;;;;;
2020-06-16;83.155.031;;;;;;;;;;
2020-06-17;83.155.031;;;;;;;;;;
2020-06-18;83.155.031;;;;;;;;;;
2020-06-19;83.155.031;;;;;;;;;;
2020-06-20;83.155.031;;;;;;;;;;
2020-06-21;83.155.031;;;;;;;;;;
2020-06-22;83.155.031;;;;;;;;;;
2020-06-23;83.155.031;;;;;;;;;;
2020-06-24;83.155.031;;;;;;;;;;
2020-06-25;83.155.031;;;;;;;;;;
2020-06-26;83.155.031;;;;;;;;;;
2020-06-27;83.155.031;;;;;;;;;;
2020-06-28;83.155.031;;;;;;;;;;
2020-06-29;83.155.031;;;;;;;;;;
2020-06-30;83.155.031;;;;;;;;;;
2020-07-01;83.155.031;;;;;;;;;;
2020-07-02;83.155.031;;;;;;;;;;
2020-07-03;83.155.031;;;;;;;;;;
2020-07-04;83.155.031;;;;;;;;;;
2020-07-05;83.155.031;;;;;;;;;;
2020-07-06;83.155.031;;;;;;;;;;
2020-07-07;83.155.031;;;;;;;;;;
2020-07-08;83.155.031;;;;;;;;;;
2020-07-09;83.155.031;;;;;;;;;;
2020-07-10;83.155.031;;;;;;;;;;
2020-07-11;83.155.031;;;;;;;;;;
2020-07-12;83.155.031;;;;;;;;;;
2020-07-13;83.155.031;;;;;;;;;;
2020-07-14;83.155.031;;;;;;;;;;
2020-07-15;83.155.031;;;;;;;;;;
2020-07-16;83.155.031;;;;;;;;;;
2020-07-17;83.155.031;;;;;;;;;;
2020-07-18;83.155.031;;;;;;;;;;
2020-07-19;83.155.031;;;;;;;;;;
2020-07-20;83.155.031;;;;;;;;;;
2020-07-21;83.155.031;;;;;;;;;;
2020-07-22;83.155.031;;;;;;;;;;
2020-07-23;83.155.031;;;;;;;;;;
2020-07-24;83.155.031;;;;;;;;;;
2020-07-25;83.155.031;;;;;;;;;;
2020-07-26;83.155.031;;;;;;;;;;
2020-07-27;83.155.031;;;;;;;;;;
2020-07-28;83.155.031;;;;;;;;;;
2020-07-29;83.155.031;;;;;;;;;;
2020-07-30;83.155.031;;;;;;;;;;
2020-07-31;83.155.031;;;;;;;;;;
2020-08-01;83.155.031;;;;;;;;;;
2020-08-02;83.155.031;;;;;;;;;;
2020-08-03;83.155.031;;;;;;;;;;
2020-08-04;83.155.031;;;;;;;;;;
2020-08-05;83.155.031;;;;;;;;;;
2020-08-06;83.155.031;;;;;;;;;;
2020-08-07;83.155.031;;;;;;;;;;
2020-08-08;83.155.031;;;;;;;;;;
2020-08-09;83.155.031;;;;;;;;;;
2020-08-10;83.155.031;;;;;;;;;;
2020-08-11;83.155.031;;;;;;;;;;
2020-08-12;83.155.031;;;;;;;;;;
2020-08-13;83.155.031;;;;;;;;;;
2020-08-14;83.155.031;;;;;;;;;;
2020-08-15;83.155.031;;;;;;;;;;
2020-08-16;83.155.031;;;;;;;;;;
2020-08-17;83.155.031;;;;;;;;;;
2020-08-18;83.155.031;;;;;;;;;;
2020-08-19;83.155.031;;;;;;;;;;
2020-08-20;83.155.031;;;;;;;;;;
2020-08-21;83.155.031;;;;;;;;;;
2020-08-22;83.155.031;;;;;;;;;;
2020-08-23;83.155.031;;;;;;;;;;
2020-08-24;83.155.031;;;;;;;;;;
2020-08-25;83.155.031;;;;;;;;;;
2020-08-26;83.155.031;;;;;;;;;;
2020-08-27;83.155.031;;;;;;;;;;
2020-08-28;83.155.031;;;;;;;;;;
2020-08-29;83.155.031;;;;;;;;;;
2020-08-30;83.155.031;;;;;;;;;;
2020-08-31;83.155.031;;;;;;;;;;
2020-09-01;83.155.031;;;;;;;;;;
2020-09-02;83.155.031;;;;;;;;;;
2020-09-03;83.155.031;;;;;;;;;;
2020-09-04;83.155.031;;;;;;;;;;
2020-09-05;83.155.031;;;;;;;;;;
2020-09-06;83.155.031;;;;;;;;;;
2020-09-07;83.155.031;;;;;;;;;;
2020-09-08;83.155.031;;;;;;;;;;
2020-09-09;83.155.031;;;;;;;;;;
2020-09-10;83.155.031;;;;;;;;;;
2020-09-11;83.155.031;;;;;;;;;;
2020-09-12;83.155.031;;;;;;;;;;
2020-09-13;83.155.031;;;;;;;;;;
2020-09-14;83.155.031;;;;;;;;;;
2020-09-15;83.155.031;;;;;;;;;;
2020-09-16;83.155.031;;;;;;;;;;
2020-09-17;83.155.031;;;;;;;;;;
2020-09-18;83.155.031;;;;;;;;;;
2020-09-19;83.155.031;;;;;;;;;;
2020-09-20;83.155.031;;;;;;;;;;
2020-09-21;83.155.031;;;;;;;;;;
2020-09-22;83.155.031;;;;;;;;;;
2020-09-23;83.155.031;;;;;;;;;;
2020-09-24;83.155.031;;;;;;;;;;
2020-09-25;83.155.031;;;;;;;;;;
2020-09-26;83.155.031;;;;;;;;;;
2020-09-27;83.155.031;;;;;;;;;;
2020-09-28;83.155.031;;;;;;;;;;
2020-09-29;83.155.031;;;;;;;;;;
2020-09-30;83.155.031;;;;;;;;;;
2020-10-01;83.155.031;;;;;;;;;;
2020-10-02;83.155.031;;;;;;;;;;
2020-10-03;83.155.031;;;;;;;;;;
2020-10-04;83.155.031;;;;;;;;;;
2020-10-05;83.155.031;;;;;;;;;;
2020-10-06;83.155.031;;;;;;;;;;
2020-10-07;83.155.031;;;;;;;;;;
2020-10-08;83.155.031;;;;;;;;;;
2020-10-09;83.155.031;;;;;;;;;;
2020-10-10;83.155.031;;;;;;;;;;
2020-10-11;83.155.031;;;;;;;;;;
2020-10-12;83.155.031;;;;;;;;;;
2020-10-13;83.155.031;;;;;;;;;;
2020-10-14;83.155.031;;;;;;;;;;
2020-10-15;83.155.031;;;;;;;;;;
2020-10-16;83.155.031;;;;;;;;;;
2020-10-17;83.155.031;;;;;;;;;;
2020-10-18;83.155.031;;;;;;;;;;
2020-10-19;83.155.031;;;;;;;;;;
2020-10-20;83.155.031;;;;;;;;;;
2020-10-21;83.155.031;;;;;;;;;;
2020-10-22;83.155.031;;;;;;;;;;
2020-10-23;83.155.031;;;;;;;;;;
2020-10-24;83.155.031;;;;;;;;;;
2020-10-25;83.155.031;;;;;;;;;;
2020-10-26;83.155.031;;;;;;;;;;
2020-10-27;83.155.031;;;;;;;;;;
2020-10-28;83.155.031;;;;;;;;;;
2020-10-29;83.155.031;;;;;;;;;;
2020-10-30;83.155.031;;;;;;;;;;
2020-10-31;83.155.031;;;;;;;;;;
2020-11-01;83.155.031;;;;;;;;;;
2020-11-02;83.155.031;;;;;;;;;;
2020-11-03;83.155.031;;;;;;;;;;
2020-11-04;83.155.031;;;;;;;;;;
2020-11-05;83.155.031;;;;;;;;;;
2020-11-06;83.155.031;;;;;;;;;;
2020-11-07;83.155.031;;;;;;;;;;
2020-11-08;83.155.031;;;;;;;;;;
2020-11-09;83.155.031;;;;;;;;;;
2020-11-10;83.155.031;;;;;;;;;;
2020-11-11;83.155.031;;;;;;;;;;
2020-11-12;83.155.031;;;;;;;;;;
2020-11-13;83.155.031;;;;;;;;;;
2020-11-14;83.155.031;;;;;;;;;;
2020-11-15;83.155.031;;;;;;;;;;
2020-11-16;83.155.031;;;;;;;;;;
2020-11-17;83.155.031;;;;;;;;;;
2020-11-18;83.155.031;;;;;;;;;;
2020-11-19;83.155.031;;;;;;;;;;
2020-11-20;83.155.031;;;;;;;;;;
2020-11-21;83.155.031;;;;;;;;;;
2020-11-22;83.155.031;;;;;;;;;;
2020-11-23;83.155.031;;;;;;;;;;
2020-11-24;83.155.031;;;;;;;;;;
2020-11-25;83.155.031;;;;;;;;;;
2020-11-26;83.155.031;;;;;;;;;;
2020-11-27;83.155.031;;;;;;;;;;
2020-11-28;83.155.031;;;;;;;;;;
2020-11-29;83.155.031;;;;;;;;;;
2020-11-30;83.155.031;;;;;;;;;;
2020-12-01;83.155.031;;;;;;;;;;
2020-12-02;83.155.031;;;;;;;;;;
2020-12-03;83.155.031;;;;;;;;;;
2020-12-04;83.155.031;;;;;;;;;;
2020-12-05;83.155.031;;;;;;;;;;
2020-12-06;83.155.031;;;;;;;;;;
2020-12-07;83.155.031;;;;;;;;;;
2020-12-08;83.155.031;;;;;;;;;;
2020-12-09;83.155.031;;;;;;;;;;
2020-12-10;83.155.031;;;;;;;;;;
2020-12-11;83.155.031;;;;;;;;;;
2020-12-12;83.155.031;;;;;;;;;;
2020-12-13;83.155.031;;;;;;;;;;
2020-12-14;83.155.031;;;;;;;;;;
2020-12-15;83.155.031;;;;;;;;;;
2020-12-16;83.155.031;;;;;;;;;;
2020-12-17;83.155.031;;;;;;;;;;
2020-12-18;83.155.031;;;;;;;;;;
2020-12-19;83.155.031;;;;;;;;;;
2020-12-20;83.155.031;;;;;;;;;;
2020-12-21;83.155.031;;;;;;;;;;
2020-12-22;83.155.031;;;;;;;;;;
2020-12-23;83.155.031;;;;;;;;;;
2020-12-24;83.155.031;;;;;;;;;;
2020-12-25;83.155.031;;;;;;;;;;
2020-12-26;83.155.031;;;;;;;;;;
2020-12-27;83.155.031;;;;;;;;;;
2020-12-28;83.155.031;;;;;;;;;;
2020-12-29;83.155.031;;;;;;;;;;
2020-12-30;83.155.031;;;;;;;;;;
2020-12-31;83.155.031;;;;;;;;;;
2021-01-01;83.237.124;;;;;;;;;;
2021-01-02;83.237.124;;;;;;;;;;
2021-01-03;83.237.124;;;;;;;;;;
2021-01-04;83.237.124;;;;;;;;;;
2021-01-05;83.237.124;;;;;;;;;;
2021-01-06;83.237.124;;;;;;;;;;
2021-01-07;83.237.124;;;;;;;;;;
2021-01-08;83.237.124;;;;;;;;;;
2021-01-09;83.237.124;;;;;;;;;;
2021-01-10;83.237.124;;;;;;;;;;
2021-01-11;83.237.124;;;;;;;;;;
2021-01-12;83.237.124;;;;;;;;;;
2021-01-13;83.237.124;;;;;;;;;;
2021-01-14;83.237.124;;;;;;;;;;
2021-01-15;83.237.124;;;;;;;;;;
2021-01-16;83.237.124;;;;;;;;;;
2021-01-17;83.237.124;;;;;;;;;;
2021-01-18;83.237.124;;;;;;;;;;
2021-01-19;83.237.124;;;;;;;;;;
2021-01-20;83.237.124;;;;;;;;;;
2021-01-21;83.237.124;;;;;;;;;;
2021-01-22;83.237.124;;;;;;;;;;
2021-01-23;83.237.124;;;;;;;;;;
2021-01-24;83.237.124;;;;;;;;;;
2021-01-25;83.237.124;;;;;;;;;;
2021-01-26;83.237.124;;;;;;;;;;
2021-01-27;83.237.124;;;;;;;;;;
2021-01-28;83.237.124;;;;;;;;;;
2021-01-29;83.237.124;;;;;;;;;;
2021-01-30;83.237.124;;;;;;;;;;
2021-01-31;83.237.124;;;;;;;;;;
2021-02-01;83.237.124;;;;;;;;;;
2021-02-02;83.237.124;;;;;;;;;;
2021-02-03;83.237.124;;;;;;;;;;
2021-02-04;83.237.124;;;;;;;;;;
2021-02-05;83.237.124;;;;;;;;;;
2021-02-06;83.237.124;;;;;;;;;;
2021-02-07;83.237.124;;;;;;;;;;
2021-02-08;83.237.124;;;;;;;;;;
2021-02-09;83.237.124;;;;;;;;;;
2021-02-10;83.237.124;;;;;;;;;;
2021-02-11;83.237.124;;;;;;;;;;
2021-02-12;83.237.124;;;;;;;;;;
2021-02-13;83.237.124;;;;;;;;;;
2021-02-14;83.237.124;;;;;;;;;;
2021-02-15;83.237.124;;;;;;;;;;
2021-02-16;83.237.124;;;;;;;;;;
2021-02-17;83.237.124;;;;;;;;;;
2021-02-18;83.237.124;;;;;;;;;;
2021-02-19;83.237.124;;;;;;;;;;
2021-02-20;83.237.124;;;;;;;;;;
2021-02-21;83.237.124;;;;;;;;;;
2021-02-22;83.237.124;;;;;;;;;;
2021-02-23;83.237.124;;;;;;;;;;
2021-02-24;83.237.124;;;;;;;;;;
2021-02-25;83.237.124;;;;;;;;;;
2021-02-26;83.237.124;;;;;;;;;;
2021-02-27;83.237.124;;;;;;;;;;
2021-02-28;83.237.124;;;;;;;;;;
2021-03-01;83.237.124;;;;;;;;;;
2021-03-02;83.237.124;;;;;;;;;;
2021-03-03;83.237.124;;;;;;;;;;
2021-03-04;83.237.124;;;;;;;;;;
2021-03-05;83.237.124;;;;;;;;;;
2021-03-06;83.237.124;;;;;;;;;;
2021-03-07;83.237.124;;;;;;;;;;
2021-03-08;83.237.124;;;;;;;;;;
2021-03-09;83.237.124;;;;;;;;;;
2021-03-10;83.237.124;;;;;;;;;;
2021-03-11;83.237.124;;;;;;;;;;
2021-03-12;83.237.124;;;;;;;;;;
2021-03-13;83.237.124;;;;;;;;;;
2021-03-14;83.237.124;;;;;;;;;;
2021-03-15;83.237.124;;;;;;;;;;
2021-03-16;83.237.124;;;;;;;;;;
2021-03-17;83.237.124;;;;;;;;;;
2021-03-18;83.237.124;;;;;;;;;;
2021-03-19;83.237.124;;;;;;;;;;
2021-03-20;83.237.124;;;;;;;;;;
2021-03-21;83.237.124;;;;;;;;;;
2021-03-22;83.237.124;;;;;;;;;;
2021-03-23;83.237.124;;;;;;;;;;
2021-03-24;83.237.124;;;;;;;;;;
2021-03-25;83.237.124;;;;;;;;;;
2021-03-26;83.237.124;;;;;;;;;;
2021-03-27;83.237.124;;;;;;;;;;
2021-03-28;83.237.124;;;;;;;;;;
2021-03-29;83.237.124;;;;;;;;;;
2021-03-30;83.237.124;;;;;;;;;;
2021-03-31;83.237.124;;;;;;;;;;
2021-04-01;83.237.124;;;;;;;;;;
2021-04-02;83.237.124;;;;;;;;;;
2021-04-03;83.237.124;;;;;;;;;;
2021-04-04;83.237.124;;;;;;;;;;
2021-04-05;83.237.124;;;;;;;;;;
2021-04-06;83.237.124;;;;;;;;;;
2021-04-07;83.237.124;;;;;;;;;;
2021-04-08;83.237.124;;;;;;;;;;
2021-04-09;83.237.124;;;;;;;;;;
2021-04-10;83.237.124;;;;;;;;;;
2021-04-11;83.237.124;;;;;;;;;;
2021-04-12;83.237.124;;;;;;;;;;
2021-04-13;83.237.124;;;;;;;;;;
2021-04-14;83.237.124;;;;;;;;;;
2021-04-15;83.237.124;;;;;;;;;;
2021-04-16;83.237.124;;;;;;;;;;
2021-04-17;83.237.124;;;;;;;;;;
2021-04-18;83.237.124;;;;;;;;;;
2021-04-19;83.237.124;;;;;;;;;;
2021-04-20;83.237.124;;;;;;;;;;
2021-04-21;83.237.124;;;;;;;;;;
2021-04-22;83.237.124;;;;;;;;;;
2021-04-23;83.237.124;;;;;;;;;;
2021-04-24;83.237.124;;;;;;;;;;
2021-04-25;83.237.124;;;;;;;;;;
2021-04-26;83.237.124;;;;;;;;;;
2021-04-27;83.237.124;;;;;;;;;;
2021-04-28;83.237.124;;;;;;;;;;
2021-04-29;83.237.124;;;;;;;;;;
2021-04-30;83.237.124;;;;;;;;;;
2021-05-01;83.237.124;;;;;;;;;;
2021-05-02;83.237.124;;;;;;;;;;
2021-05-03;83.237.124;;;;;;;;;;
2021-05-04;83.237.124;;;;;;;;;;
2021-05-05;83.237.124;;;;;;;;;;
2021-05-06;83.237.124;;;;;;;;;;
2021-05-07;83.237.124;;;;;;;;;;
2021-05-08;83.237.124;;;;;;;;;;
2021-05-09;83.237.124;;;;;;;;;;
2021-05-10;83.237.124;;;;;;;;;;
2021-05-11;83.237.124;;;;;;;;;;
2021-05-12;83.237.124;;;;;;;;;;
2021-05-13;83.237.124;;;;;;;;;;
2021-05-14;83.237.124;;;;;;;;;;
2021-05-15;83.237.124;;;;;;;;;;
2021-05-16;83.237.124;;;;;;;;;;
2021-05-17;83.237.124;;;;;;;;;;
2021-05-18;83.237.124;;;;;;;;;;
2021-05-19;83.237.124;;;;;;;;;;
2021-05-20;83.237.124;;;;;;;;;;
2021-05-21;83.237.124;;;;;;;;;;
2021-05-22;83.237.124;;;;;;;;;;
2021-05-23;83.237.124;;;;;;;;;;
2021-05-24;83.237.124;;;;;;;;;;
2021-05-25;83.237.124;;;;;;;;;;
2021-05-26;83.237.124;;;;;;;;;;
2021-05-27;83.237.124;;;;;;;;;;
2021-05-28;83.237.124;;;;;;;;;;
2021-05-29;83.237.124;;;;;;;;;;
2021-05-30;83.237.124;;;;;;;;;;
2021-05-31;83.237.124;;;;;;;;;;
2021-06-01;83.237.124;;;;;;;;;;
2021-06-02;83.237.124;;;;;;;;;;
2021-06-03;83.237.124;;;;;;;;;;
2021-06-04;83.237.124;;;;;;;;;;
2021-06-05;83.237.124;;;;;;;;;;
2021-06-06;83.237.124;;;;;;;;;;
2021-06-07;83.237.124;;;;;;;;;;
2021-06-08;83.237.124;;;;;;;;;;
2021-06-09;83.237.124;;;;;;;;;;
2021-06-10;83.237.124;;;;;;;;;;
2021-06-11;83.237.124;;;;;;;;;;
2021-06-12;83.237.124;;;;;;;;;;
2021-06-13;83.237.124;;;;;;;;;;
2021-06-14;83.237.124;;;;;;;;;;
2021-06-15;83.237.124;;;;;;;;;;
2021-06-16;83.237.124;;;;;;;;;;
2021-06-17;83.237.124;;;;;;;;;;
2021-06-18;83.237.124;;;;;;;;;;
2021-06-19;83.237.124;;;;;;;;;;
2021-06-20;83.237.124;;;;;;;;;;
2021-06-21;83.237.124;;;;;;;;;;
2021-06-22;83.237.124;;;;;;;;;;
2021-06-23;83.237.124;;;;;;;;;;
2021-06-24;83.237.124;;;;;;;;;;
2021-06-25;83.237.124;;;;;;;;;;
2021-06-26;83.237.124;;;;;;;;;;
2021-06-27;83.237.124;;;;;;;;;;
2021-06-28;83.237.124;;;;;;;;;;
2021-06-29;83.237.124;;;;;;;;;;
2021-06-30;83.237.124;;;;;;;;;;
2021-07-01;83.237.124;;;;;;;;;;
2021-07-02;83.237.124;;;;;;;;;;
2021-07-03;83.237.124;;;;;;;;;;
2021-07-04;83.237.124;;;;;;;;;;
2021-07-05;83.237.124;;;;;;;;;;
2021-07-06;83.237.124;;;;;;;;;;
2021-07-07;83.237.124;;;;;;;;;;
2021-07-08;83.237.124;;;;;;;;;;
2021-07-09;83.237.124;;;;;;;;;;
2021-07-10;83.237.124;;;;;;;;;;
2021-07-11;83.237.124;;;;;;;;;;
2021-07-12;83.237.124;;;;;;;;;;
2021-07-13;83.237.124;;;;;;;;;;
2021-07-14;83.237.124;;;;;;;;;;
2021-07-15;83.237.124;;;;;;;;;;
2021-07-16;83.237.124;;;;;;;;;;
2021-07-17;83.237.124;;;;;;;;;;
2021-07-18;83.237.124;;;;;;;;;;
2021-07-19;83.237.124;;;;;;;;;;
2021-07-20;83.237.124;;;;;;;;;;
2021-07-21;83.237.124;;;;;;;;;;
2021-07-22;83.237.124;;;;;;;;;;
2021-07-23;83.237.124;;;;;;;;;;
2021-07-24;83.237.124;;;;;;;;;;
2021-07-25;83.237.124;;;;;;;;;;
2021-07-26;83.237.124;;;;;;;;;;
2021-07-27;83.237.124;;;;;;;;;;
2021-07-28;83.237.124;;;;;;;;;;
2021-07-29;83.237.124;;;;;;;;;;
2021-07-30;83.237.124;;;;;;;;;;
2021-07-31;83.237.124;;;;;;;;;;
2021-08-01;83.237.124;;;;;;;;;;
2021-08-02;83.237.124;;;;;;;;;;
2021-08-03;83.237.124;;;;;;;;;;
2021-08-04;83.237.124;;;;;;;;;;
2021-08-05;83.237.124;;;;;;;;;;
2021-08-06;83.237.124;;;;;;;;;;
2021-08-07;83.237.124;;;;;;;;;;
2021-08-08;83.237.124;;;;;;;;;;
2021-08-09;83.237.124;;;;;;;;;;
2021-08-10;83.237.124;;;;;;;;;;
2021-08-11;83.237.124;;;;;;;;;;
2021-08-12;83.237.124;;;;;;;;;;
2021-08-13;83.237.124;;;;;;;;;;
2021-08-14;83.237.124;;;;;;;;;;
2021-08-15;83.237.124;;;;;;;;;;
2021-08-16;83.237.124;;;;;;;;;;
2021-08-17;83.237.124;;;;;;;;;;
2021-08-18;83.237.124;;;;;;;;;;
2021-08-19;83.237.124;;;;;;;;;;
2021-08-20;83.237.124;;;;;;;;;;
2021-08-21;83.237.124;;;;;;;;;;
2021-08-22;83.237.124;;;;;;;;;;
2021-08-23;83.237.124;;;;;;;;;;
2021-08-24;83.237.124;;;;;;;;;;
2021-08-25;83.237.124;;;;;;;;;;
2021-08-26;83.237.124;;;;;;;;;;
2021-08-27;83.237.124;;;;;;;;;;
2021-08-28;83.237.124;;;;;;;;;;
2021-08-29;83.237.124;;;;;;;;;;
2021-08-30;83.237.124;;;;;;;;;;
2021-08-31;83.237.124;;;;;;;;;;
2021-09-01;83.237.124;;;;;;;;;;
2021-09-02;83.237.124;;;;;;;;;;
2021-09-03;83.237.124;;;;;;;;;;
2021-09-04;83.237.124;;;;;;;;;;
2021-09-05;83.237.124;;;;;;;;;;
2021-09-06;83.237.124;;;;;;;;;;
2021-09-07;83.237.124;;;;;;;;;;
2021-09-08;83.237.124;;;;;;;;;;
2021-09-09;83.237.124;;;;;;;;;;
2021-09-10;83.237.124;;;;;;;;;;
2021-09-11;83.237.124;;;;;;;;;;
2021-09-12;83.237.124;;;;;;;;;;
2021-09-13;83.237.124;;;;;;;;;;
2021-09-14;83.237.124;;;;;;;;;;
2021-09-15;83.237.124;;;;;;;;;;
2021-09-16;83.237.124;;;;;;;;;;
2021-09-17;83.237.124;;;;;;;;;;
2021-09-18;83.237.124;;;;;;;;;;
2021-09-19;83.237.124;;;;;;;;;;
2021-09-20;83.237.124;;;;;;;;;;
2021-09-21;83.237.124;;;;;;;;;;
2021-09-22;83.237.124;;;;;;;;;;
2021-09-23;83.237.124;;;;;;;;;;
2021-09-24;83.237.124;;;;;;;;;;
2021-09-25;83.237.124;;;;;;;;;;
2021-09-26;83.237.124;;;;;;;;;;
2021-09-27;83.237.124;;;;;;;;;;
2021-09-28;83.237.124;;;;;;;;;;
2021-09-29;83.237.124;;;;;;;;;;
2021-09-30;83.237.124;;;;;;;;;;
2021-10-01;83.237.124;;;;;;;;;;
2021-10-02;83.237.124;;;;;;;;;;
2021-10-03;83.237.124;;;;;;;;;;
2021-10-04;83.237.124;;;;;;;;;;
2021-10-05;83.237.124;;;;;;;;;;
2021-10-06;83.237.124;;;;;;;;;;
2021-10-07;83.237.124;;;;;;;;;;
2021-10-08;83.237.124;;;;;;;;;;
2021-10-09;83.237.124;;;;;;;;;;
2021-10-10;83.237.124;;;;;;;;;;
2021-10-11;83.237.124;;;;;;;;;;
2021-10-12;83.237.124;;;;;;;;;;
2021-10-13;83.237.124;;;;;;;;;;
2021-10-14;83.237.124;;;;;;;;;;
2021-10-15;83.237.124;;;;;;;;;;
2021-10-16;83.237.124;;;;;;;;;;
2021-10-17;83.237.124;;;;;;;;;;
2021-10-18;83.237.124;;;;;;;;;;
2021-10-19;83.237.124;;;;;;;;;;
2021-10-20;83.237.124;;;;;;;;;;
2021-10-21;83.237.124;;;;;;;;;;
2021-10-22;83.237.124;;;;;;;;;;
2021-10-23;83.237.124;;;;;;;;;;
2021-10-24;83.237.124;;;;;;;;;;
2021-10-25;83.237.124;;;;;;;;;;
2021-10-26;83.237.124;;;;;;;;;;
2021-10-27;83.237.124;;;;;;;;;;
2021-10-28;83.237.124;;;;;;;;;;
2021-10-29;83.237.124;;;;;;;;;;
2021-10-30;83.237.124;;;;;;;;;;
2021-10-31;83.237.124;;;;;;;;;;
2021-11-01;83.237.124;;;;;;;;;;
2021-11-02;83.237.124;;;;;;;;;;
2021-11-03;83.237.124;;;;;;;;;;
2021-11-04;83.237.124;;;;;;;;;;
2021-11-05;83.237.124;;;;;;;;;;
2021-11-06;83.237.124;;;;;;;;;;
2021-11-07;83.237.124;;;;;;;;;;
2021-11-08;83.237.124;;;;;;;;;;
2021-11-09;83.237.124;;;;;;;;;;
2021-11-10;83.237.124;;;;;;;;;;
2021-11-11;83.237.124;;;;;;;;;;
2021-11-12;83.237.124;;;;;;;;;;
2021-11-13;83.237.124;;;;;;;;;;
2021-11-14;83.237.124;;;;;;;;;;
2021-11-15;83.237.124;;;;;;;;;;
2021-11-16;83.237.124;;;;;;;;;;
2021-11-17;83.237.124;;;;;;;;;;
2021-11-18;83.237.124;;;;;;;;;;
2021-11-19;83.237.124;;;;;;;;;;
2021-11-20;83.237.124;;;;;;;;;;
2021-11-21;83.237.124;;;;;;;;;;
2021-11-22;83.237.124;;;;;;;;;;
2021-11-23;83.237.124;;;;;;;;;;
2021-11-24;83.237.124;;;;;;;;;;
2021-11-25;83.237.124;;;;;;;;;;
2021-11-26;83.237.124;;;;;;;;;;
2021-11-27;83.237.124;;;;;;;;;;
2021-11-28;83.237.124;;;;;;;;;;
2021-11-29;83.237.124;;;;;;;;;;
2021-11-30;83.237.124;;;;;;;;;;
2021-12-01;83.237.124;;;;;;;;;;
2021-12-02;83.237.124;;;;;;;;;;
2021-12-03;83.237.124;;;;;;;;;;
2021-12-04;83.237.124;;;;;;;;;;
2021-12-05;83.237.124;;;;;;;;;;
2021-12-06;83.237.124;;;;;;;;;;
2021-12-07;83.237.124;;;;;;;;;;
2021-12-08;83.237.124;;;;;;;;;;
2021-12-09;83.237.124;;;;;;;;;;
2021-12-10;83.237.124;;;;;;;;;;
2021-12-11;83.237.124;;;;;;;;;;
2021-12-12;83.237.124;;;;;;;;;;
2021-12-13;83.237.124;;;;;;;;;;
2021-12-14;83.237.124;;;;;;;;;;
2021-12-15;83.237.124;;;;;;;;;;
2021-12-16;83.237.124;;;;;;;;;;
2021-12-17;83.237.124;;;;;;;;;;
2021-12-18;83.237.124;;;;;;;;;;
2021-12-19;83.237.124;;;;;;;;;;
2021-12-20;83.237.124;;;;;;;;;;
2021-12-21;83.237.124;;;;;;;;;;
2021-12-22;83.237.124;;;;;;;;;;
2021-12-23;83.237.124;;;;;;;;;;
2021-12-24;83.237.124;;;;;;;;;;
2021-12-25;83.237.124;;;;;;;;;;
2021-12-26;83.237.124;;;;;;;;;;
2021-12-27;83.237.124;;;;;;;;;;
2021-12-28;83.237.124;;;;;;;;;;
2021-12-29;83.237.124;;;;;;;;;;
2021-12-30;83.237.124;;;;;;;;;;
2021-12-31;83.237.124;;;;;;;;;;
2022-01-01;84.358.845;;;;;;;;;;
2022-01-02;84.358.845;;;;;;;;;;
2022-01-03;84.358.845;;;;;;;;;;
2022-01-04;84.358.845;;;;;;;;;;
2022-01-05;84.358.845;;;;;;;;;;
2022-01-06;84.358.845;;;;;;;;;;
2022-01-07;84.358.845;;;;;;;;;;
2022-01-08;84.358.845;;;;;;;;;;
2022-01-09;84.358.845;;;;;;;;;;
2022-01-10;84.358.845;;;;;;;;;;
2022-01-11;84.358.845;;;;;;;;;;
2022-01-12;84.358.845;;;;;;;;;;
2022-01-13;84.358.845;;;;;;;;;;
2022-01-14;84.358.845;;;;;;;;;;
2022-01-15;84.358.845;;;;;;;;;;
2022-01-16;84.358.845;;;;;;;;;;
2022-01-17;84.358.845;;;;;;;;;;
2022-01-18;84.358.845;;;;;;;;;;
2022-01-19;84.358.845;;;;;;;;;;
2022-01-20;84.358.845;;;;;;;;;;
2022-01-21;84.358.845;;;;;;;;;;
2022-01-22;84.358.845;;;;;;;;;;
2022-01-23;84.358.845;;;;;;;;;;
2022-01-24;84.358.845;;;;;;;;;;
2022-01-25;84.358.845;;;;;;;;;;
2022-01-26;84.358.845;;;;;;;;;;
2022-01-27;84.358.845;;;;;;;;;;
2022-01-28;84.358.845;;;;;;;;;;
2022-01-29;84.358.845;;;;;;;;;;
2022-01-30;84.358.845;;;;;;;;;;
2022-01-31;84.358.845;;;;;;;;;;
2022-02-01;84.358.845;;;;;;;;;;
2022-02-02;84.358.845;;;;;;;;;;
2022-02-03;84.358.845;;;;;;;;;;
2022-02-04;84.358.845;;;;;;;;;;
2022-02-05;84.358.845;;;;;;;;;;
2022-02-06;84.358.845;;;;;;;;;;
2022-02-07;84.358.845;;;;;;;;;;
2022-02-08;84.358.845;;;;;;;;;;
2022-02-09;84.358.845;;;;;;;;;;
2022-02-10;84.358.845;;;;;;;;;;
2022-02-11;84.358.845;;;;;;;;;;
2022-02-12;84.358.845;;;;;;;;;;
2022-02-13;84.358.845;;;;;;;;;;
2022-02-14;84.358.845;;;;;;;;;;
2022-02-15;84.358.845;;;;;;;;;;
2022-02-16;84.358.845;;;;;;;;;;
2022-02-17;84.358.845;;;;;;;;;;
2022-02-18;84.358.845;;;;;;;;;;
2022-02-19;84.358.845;;;;;;;;;;
2022-02-20;84.358.845;;;;;;;;;;
2022-02-21;84.358.845;;;;;;;;;;
2022-02-22;84.358.845;;;;;;;;;;
2022-02-23;84.358.845;;;;;;;;;;
2022-02-24;84.358.845;;;;;;;;;;
2022-02-25;84.358.845;;;;;;;;;;
2022-02-26;84.358.845;;;;;;;;;;
2022-02-27;84.358.845;;;;;;;;;;
2022-02-28;84.358.845;;;;;;;;;;
2022-03-01;84.358.845;;;;;;;;;;
2022-03-02;84.358.845;;;;;;;;;;
2022-03-03;84.358.845;;;;;;;;;;
2022-03-04;84.358.845;;;;;;;;;;
2022-03-05;84.358.845;;;;;;;;;;
2022-03-06;84.358.845;;;;;;;;;;
2022-03-07;84.358.845;;;;;;;;;;
2022-03-08;84.358.845;;;;;;;;;;
2022-03-09;84.358.845;;;;;;;;;;
2022-03-10;84.358.845;;;;;;;;;;
2022-03-11;84.358.845;;;;;;;;;;
2022-03-12;84.358.845;;;;;;;;;;
2022-03-13;84.358.845;;;;;;;;;;
2022-03-14;84.358.845;;;;;;;;;;
2022-03-15;84.358.845;;;;;;;;;;
2022-03-16;84.358.845;;;;;;;;;;
2022-03-17;84.358.845;;;;;;;;;;
2022-03-18;84.358.845;;;;;;;;;;
2022-03-19;84.358.845;;;;;;;;;;
2022-03-20;84.358.845;;;;;;;;;;
2022-03-21;84.358.845;;;;;;;;;;
2022-03-22;84.358.845;;;;;;;;;;
2022-03-23;84.358.845;;;;;;;;;;
2022-03-24;84.358.845;;;;;;;;;;
2022-03-25;84.358.845;;;;;;;;;;
2022-03-26;84.358.845;;;;;;;;;;
2022-03-27;84.358.845;;;;;;;;;;
2022-03-28;84.358.845;;;;;;;;;;
2022-03-29;84.358.845;;;;;;;;;;
2022-03-30;84.358.845;;;;;;;;;;
2022-03-31;84.358.845;;;;;;;;;;
2022-04-01;84.358.845;;;;;;;;;;
2022-04-02;84.358.845;;;;;;;;;;
2022-04-03;84.358.845;;;;;;;;;;
2022-04-04;84.358.845;;;;;;;;;;
2022-04-05;84.358.845;;;;;;;;;;
2022-04-06;84.358.845;;;;;;;;;;
2022-04-07;84.358.845;;;;;;;;;;
2022-04-08;84.358.845;;;;;;;;;;
2022-04-09;84.358.845;;;;;;;;;;
2022-04-10;84.358.845;;;;;;;;;;
2022-04-11;84.358.845;;;;;;;;;;
2022-04-12;84.358.845;;;;;;;;;;
2022-04-13;84.358.845;;;;;;;;;;
2022-04-14;84.358.845;;;;;;;;;;
2022-04-15;84.358.845;;;;;;;;;;
2022-04-16;84.358.845;;;;;;;;;;
2022-04-17;84.358.845;;;;;;;;;;
2022-04-18;84.358.845;;;;;;;;;;
2022-04-19;84.358.845;;;;;;;;;;
2022-04-20;84.358.845;;;;;;;;;;
2022-04-21;84.358.845;;;;;;;;;;
2022-04-22;84.358.845;;;;;;;;;;
2022-04-23;84.358.845;;;;;;;;;;
2022-04-24;84.358.845;;;;;;;;;;
2022-04-25;84.358.845;;;;;;;;;;
2022-04-26;84.358.845;;;;;;;;;;
2022-04-27;84.358.845;;;;;;;;;;
2022-04-28;84.358.845;;;;;;;;;;
2022-04-29;84.358.845;;;;;;;;;;
2022-04-30;84.358.845;;;;;;;;;;
2022-05-01;84.358.845;;;;;;;;;;
2022-05-02;84.358.845;;;;;;;;;;
2022-05-03;84.358.845;;;;;;;;;;
2022-05-04;84.358.845;;;;;;;;;;
2022-05-05;84.358.845;;;;;;;;;;
2022-05-06;84.358.845;;;;;;;;;;
2022-05-07;84.358.845;;;;;;;;;;
2022-05-08;84.358.845;;;;;;;;;;
2022-05-09;84.358.845;;;;;;;;;;
2022-05-10;84.358.845;;;;;;;;;;
2022-05-11;84.358.845;;;;;;;;;;
2022-05-12;84.358.845;;;;;;;;;;
2022-05-13;84.358.845;;;;;;;;;;
2022-05-14;84.358.845;;;;;;;;;;
2022-05-15;84.358.845;;;;;;;;;;
2022-05-16;84.358.845;;;;;;;;;;
2022-05-17;84.358.845;;;;;;;;;;
2022-05-18;84.358.845;;;;;;;;;;
2022-05-19;84.358.845;;;;;;;;;;
2022-05-20;84.358.845;;;;;;;;;;
2022-05-21;84.358.845;;;;;;;;;;
2022-05-22;84.358.845;;;;;;;;;;
2022-05-23;84.358.845;;;;;;;;;;
2022-05-24;84.358.845;;;;;;;;;;
2022-05-25;84.358.845;;;;;;;;;;
2022-05-26;84.358.845;;;;;;;;;;
2022-05-27;84.358.845;;;;;;;;;;
2022-05-28;84.358.845;;;;;;;;;;
2022-05-29;84.358.845;;;;;;;;;;
2022-05-30;84.358.845;;;;;;;;;;
2022-05-31;84.358.845;;;;;;;;;;
2022-06-01;84.358.845;;;;;;;;;;
2022-06-02;84.358.845;;;;;;;;;;
2022-06-03;84.358.845;;;;;;;;;;
2022-06-04;84.358.845;;;;;;;;;;
2022-06-05;84.358.845;;;;;;;;;;
2022-06-06;84.358.845;;;;;;;;;;
2022-06-07;84.358.845;;;;;;;;;;
2022-06-08;84.358.845;;;;;;;;;;
2022-06-09;84.358.845;;;;;;;;;;
2022-06-10;84.358.845;;;;;;;;;;
2022-06-11;84.358.845;;;;;;;;;;
2022-06-12;84.358.845;;;;;;;;;;
2022-06-13;84.358.845;;;;;;;;;;
2022-06-14;84.358.845;;;;;;;;;;
2022-06-15;84.358.845;;;;;;;;;;
2022-06-16;84.358.845;;;;;;;;;;
2022-06-17;84.358.845;;;;;;;;;;
2022-06-18;84.358.845;;;;;;;;;;
2022-06-19;84.358.845;;;;;;;;;;
2022-06-20;84.358.845;;;;;;;;;;
2022-06-21;84.358.845;;;;;;;;;;
2022-06-22;84.358.845;;;;;;;;;;
2022-06-23;84.358.845;;;;;;;;;;
2022-06-24;84.358.845;;;;;;;;;;
2022-06-25;84.358.845;;;;;;;;;;
2022-06-26;84.358.845;;;;;;;;;;
2022-06-27;84.358.845;;;;;;;;;;
2022-06-28;84.358.845;;;;;;;;;;
2022-06-29;84.358.845;;;;;;;;;;
2022-06-30;84.358.845;;;;;;;;;;
2022-07-01;84.358.845;;;;;;;;;;
2022-07-02;84.358.845;;;;;;;;;;
2022-07-03;84.358.845;;;;;;;;;;
2022-07-04;84.358.845;;;;;;;;;;
2022-07-05;84.358.845;;;;;;;;;;
2022-07-06;84.358.845;;;;;;;;;;
2022-07-07;84.358.845;;;;;;;;;;
2022-07-08;84.358.845;;;;;;;;;;
2022-07-09;84.358.845;;;;;;;;;;
2022-07-10;84.358.845;;;;;;;;;;
2022-07-11;84.358.845;;;;;;;;;;
2022-07-12;84.358.845;;;;;;;;;;
2022-07-13;84.358.845;;;;;;;;;;
2022-07-14;84.358.845;;;;;;;;;;
2022-07-15;84.358.845;;;;;;;;;;
2022-07-16;84.358.845;;;;;;;;;;
2022-07-17;84.358.845;;;;;;;;;;
2022-07-18;84.358.845;;;;;;;;;;
2022-07-19;84.358.845;;;;;;;;;;
2022-07-20;84.358.845;;;;;;;;;;
2022-07-21;84.358.845;;;;;;;;;;
2022-07-22;84.358.845;;;;;;;;;;
2022-07-23;84.358.845;;;;;;;;;;
2022-07-24;84.358.845;;;;;;;;;;
2022-07-25;84.358.845;;;;;;;;;;
2022-07-26;84.358.845;;;;;;;;;;
2022-07-27;84.358.845;;;;;;;;;;
2022-07-28;84.358.845;;;;;;;;;;
2022-07-29;84.358.845;;;;;;;;;;
2022-07-30;84.358.845;;;;;;;;;;
2022-07-31;84.358.845;;;;;;;;;;
2022-08-01;84.358.845;;;;;;;;;;
2022-08-02;84.358.845;;;;;;;;;;
2022-08-03;84.358.845;;;;;;;;;;
2022-08-04;84.358.845;;;;;;;;;;
2022-08-05;84.358.845;;;;;;;;;;
2022-08-06;84.358.845;;;;;;;;;;
2022-08-07;84.358.845;;;;;;;;;;
2022-08-08;84.358.845;;;;;;;;;;
2022-08-09;84.358.845;;;;;;;;;;
2022-08-10;84.358.845;;;;;;;;;;
2022-08-11;84.358.845;;;;;;;;;;
2022-08-12;84.358.845;;;;;;;;;;
2022-08-13;84.358.845;;;;;;;;;;
2022-08-14;84.358.845;;;;;;;;;;
2022-08-15;84.358.845;;;;;;;;;;
2022-08-16;84.358.845;;;;;;;;;;
2022-08-17;84.358.845;;;;;;;;;;
2022-08-18;84.358.845;;;;;;;;;;
2022-08-19;84.358.845;;;;;;;;;;
2022-08-20;84.358.845;;;;;;;;;;
2022-08-21;84.358.845;;;;;;;;;;
2022-08-22;84.358.845;;;;;;;;;;
2022-08-23;84.358.845;;;;;;;;;;
2022-08-24;84.358.845;;;;;;;;;;
2022-08-25;84.358.845;;;;;;;;;;
2022-08-26;84.358.845;;;;;;;;;;
2022-08-27;84.358.845;;;;;;;;;;
2022-08-28;84.358.845;;;;;;;;;;
2022-08-29;84.358.845;;;;;;;;;;
2022-08-30;84.358.845;;;;;;;;;;
2022-08-31;84.358.845;;;;;;;;;;
2022-09-01;84.358.845;;;;;;;;;;
2022-09-02;84.358.845;;;;;;;;;;
2022-09-03;84.358.845;;;;;;;;;;
2022-09-04;84.358.845;;;;;;;;;;
2022-09-05;84.358.845;;;;;;;;;;
2022-09-06;84.358.845;;;;;;;;;;
2022-09-07;84.358.845;;;;;;;;;;
2022-09-08;84.358.845;;;;;;;;;;
2022-09-09;84.358.845;;;;;;;;;;
2022-09-10;84.358.845;;;;;;;;;;
2022-09-11;84.358.845;;;;;;;;;;
2022-09-12;84.358.845;;;;;;;;;;
2022-09-13;84.358.845;;;;;;;;;;
2022-09-14;84.358.845;;;;;;;;;;
2022-09-15;84.358.845;;;;;;;;;;
2022-09-16;84.358.845;;;;;;;;;;
2022-09-17;84.358.845;;;;;;;;;;
2022-09-18;84.358.845;;;;;;;;;;
2022-09-19;84.358.845;;;;;;;;;;
2022-09-20;84.358.845;;;;;;;;;;
2022-09-21;84.358.845;;;;;;;;;;
2022-09-22;84.358.845;;;;;;;;;;
2022-09-23;84.358.845;;;;;;;;;;
2022-09-24;84.358.845;;;;;;;;;;
2022-09-25;84.358.845;;;;;;;;;;
2022-09-26;84.358.845;;;;;;;;;;
2022-09-27;84.358.845;;;;;;;;;;
2022-09-28;84.358.845;;;;;;;;;;
2022-09-29;84.358.845;;;;;;;;;;
2022-09-30;84.358.845;;;;;;;;;;
2022-10-01;84.358.845;;;;;;;;;;
2022-10-02;84.358.845;;;;;;;;;;
2022-10-03;84.358.845;;;;;;;;;;
2022-10-04;84.358.845;;;;;;;;;;
2022-10-05;84.358.845;;;;;;;;;;
2022-10-06;84.358.845;;;;;;;;;;
2022-10-07;84.358.845;;;;;;;;;;
2022-10-08;84.358.845;;;;;;;;;;
2022-10-09;84.358.845;;;;;;;;;;
2022-10-10;84.358.845;;;;;;;;;;
2022-10-11;84.358.845;;;;;;;;;;
2022-10-12;84.358.845;;;;;;;;;;
2022-10-13;84.358.845;;;;;;;;;;
2022-10-14;84.358.845;;;;;;;;;;
2022-10-15;84.358.845;;;;;;;;;;
2022-10-16;84.358.845;;;;;;;;;;
2022-10-17;84.358.845;;;;;;;;;;
2022-10-18;84.358.845;;;;;;;;;;
2022-10-19;84.358.845;;;;;;;;;;
2022-10-20;84.358.845;;;;;;;;;;
2022-10-21;84.358.845;;;;;;;;;;
2022-10-22;84.358.845;;;;;;;;;;
2022-10-23;84.358.845;;;;;;;;;;
2022-10-24;84.358.845;;;;;;;;;;
2022-10-25;84.358.845;;;;;;;;;;
2022-10-26;84.358.845;;;;;;;;;;
2022-10-27;84.358.845;;;;;;;;;;
2022-10-28;84.358.845;;;;;;;;;;
2022-10-29;84.358.845;;;;;;;;;;
2022-10-30;84.358.845;;;;;;;;;;
2022-10-31;84.358.845;;;;;;;;;;
2022-11-01;84.358.845;;;;;;;;;;
2022-11-02;84.358.845;;;;;;;;;;
2022-11-03;84.358.845;;;;;;;;;;
2022-11-04;84.358.845;;;;;;;;;;
2022-11-05;84.358.845;;;;;;;;;;
2022-11-06;84.358.845;;;;;;;;;;
2022-11-07;84.358.845;;;;;;;;;;
2022-11-08;84.358.845;;;;;;;;;;
2022-11-09;84.358.845;;;;;;;;;;
2022-11-10;84.358.845;;;;;;;;;;
2022-11-11;84.358.845;;;;;;;;;;
2022-11-12;84.358.845;;;;;;;;;;
2022-11-13;84.358.845;;;;;;;;;;
2022-11-14;84.358.845;;;;;;;;;;
2022-11-15;84.358.845;;;;;;;;;;
2022-11-16;84.358.845;;;;;;;;;;
2022-11-17;84.358.845;;;;;;;;;;
2022-11-18;84.358.845;;;;;;;;;;
2022-11-19;84.358.845;;;;;;;;;;
2022-11-20;84.358.845;;;;;;;;;;
2022-11-21;84.358.845;;;;;;;;;;
2022-11-22;84.358.845;;;;;;;;;;
2022-11-23;84.358.845;;;;;;;;;;
2022-11-24;84.358.845;;;;;;;;;;
2022-11-25;84.358.845;;;;;;;;;;
2022-11-26;84.358.845;;;;;;;;;;
2022-11-27;84.358.845;;;;;;;;;;
2022-11-28;84.358.845;;;;;;;;;;
2022-11-29;84.358.845;;;;;;;;;;
2022-11-30;84.358.845;;;;;;;;;;
2022-12-01;84.358.845;;;;;;;;;;
2022-12-02;84.358.845;;;;;;;;;;
2022-12-03;84.358.845;;;;;;;;;;
2022-12-04;84.358.845;;;;;;;;;;
2022-12-05;84.358.845;;;;;;;;;;
2022-12-06;84.358.845;;;;;;;;;;
2022-12-07;84.358.845;;;;;;;;;;
2022-12-08;84.358.845;;;;;;;;;;
2022-12-09;84.358.845;;;;;;;;;;
2022-12-10;84.358.845;;;;;;;;;;
2022-12-11;84.358.845;;;;;;;;;;
2022-12-12;84.358.845;;;;;;;;;;
2022-12-13;84.358.845;;;;;;;;;;
2022-12-14;84.358.845;;;;;;;;;;
2022-12-15;84.358.845;;;;;;;;;;
2022-12-16;84.358.845;;;;;;;;;;
2022-12-17;84.358.845;;;;;;;;;;
2022-12-18;84.358.845;;;;;;;;;;
2022-12-19;84.358.845;;;;;;;;;;
2022-12-20;84.358.845;;;;;;;;;;
2022-12-21;84.358.845;;;;;;;;;;
2022-12-22;84.358.845;;;;;;;;;;
2022-12-23;84.358.845;;;;;;;;;;
2022-12-24;84.358.845;;;;;;;;;;
2022-12-25;84.358.845;;;;;;;;;;
2022-12-26;84.358.845;;;;;;;;;;
2022-12-27;84.358.845;;;;;;;;;;
2022-12-28;84.358.845;;;;;;;;;;
2022-12-29;84.358.845;;;;;;;;;;
2022-12-30;84.358.845;;;;;;;;;;
2022-12-31;84.358.845;;;;;;;;;;